Date,Weekday,Month,Open,High,Low,Close,Adj Close,Volume,PE_ratio,PB_ratio,SMA_10,SMA_50,EMA_10,EMA_50,RSI,EMA_12,EMA_26,MACD,MACD_Signal,SMA_20,Bollinger_Upper,Bollinger_Lower,Upward_Downward_Probability
2023-03-14,1,3,8.15,8.2,7.7,7.95,7.95,52110143,11.197,2.36,8.37,9.199,8.34,9.079,40.816,8.373,8.639,-0.266,-0.283,8.46,9.053,7.867,-1.0116009116784799
2023-03-15,2,3,7.8,8.15,7.75,7.95,7.95,59556915,11.197,2.36,8.345,9.144,8.269,9.034,42.553,8.308,8.588,-0.28,-0.283,8.418,9.03,7.806,-1.0116009116784799
2023-03-16,3,3,8.0,8.0,7.7,7.9,7.9,56722948,11.127,2.346,8.295,9.087,8.202,8.99,44.444,8.245,8.537,-0.292,-0.284,8.362,8.95,7.774,-2.6390573296152584
2023-03-17,4,3,7.95,8.15,7.9,8.0,8.0,40883551,11.268,2.375,8.27,9.039,8.165,8.951,40.476,8.207,8.497,-0.29,-0.286,8.318,8.87,7.766,-2.6390573296152584
2023-03-20,0,3,8.0,8.0,7.7,7.75,7.75,42986085,10.915,2.301,8.195,8.989,8.09,8.904,41.463,8.137,8.442,-0.305,-0.289,8.26,8.796,7.724,-2.6390573296152584
2023-03-21,1,3,7.85,7.9,7.75,7.8,7.8,27594112,10.986,2.316,8.115,8.941,8.037,8.861,40.0,8.085,8.394,-0.309,-0.293,8.222,8.777,7.667,-2.6390573296152584
2023-03-22,2,3,7.85,7.95,7.8,7.8,7.8,22956081,10.986,2.316,8.035,8.893,7.994,8.819,33.333,8.041,8.35,-0.309,-0.296,8.192,8.771,7.613,-2.6390573296152584
2023-03-23,3,3,7.8,7.9,7.7,7.75,7.75,23864906,10.915,2.301,7.94,8.847,7.95,8.777,35.294,7.996,8.306,-0.31,-0.299,8.165,8.774,7.556,-2.6390573296152584
2023-03-24,4,3,7.75,7.8,7.5,7.55,7.55,36581412,10.634,2.242,7.855,8.796,7.877,8.729,21.212,7.928,8.25,-0.322,-0.304,8.135,8.803,7.467,-1.8718021769015913
2023-03-27,0,3,7.6,7.6,7.15,7.2,7.2,46753705,10.141,2.138,7.765,8.74,7.754,8.669,13.158,7.816,8.172,-0.356,-0.314,8.075,8.85,7.3,-1.1786549963416462
2023-03-28,1,3,7.25,7.35,6.95,7.05,7.05,55049453,9.93,2.093,7.675,8.68,7.626,8.606,12.195,7.698,8.089,-0.391,-0.33,8.022,8.922,7.122,-0.9555114450274365
2023-03-29,2,3,7.1,8.1,7.05,7.95,7.95,131787323,11.197,2.36,7.675,8.639,7.685,8.58,36.842,7.737,8.079,-0.342,-0.332,8.01,8.907,7.113,-2.268683541318364
2023-03-31,4,3,8.05,8.25,7.85,7.9,7.9,61243637,11.127,2.346,7.675,8.597,7.724,8.553,40.385,7.762,8.065,-0.303,-0.326,7.985,8.863,7.107,-1.0116009116784799
2023-04-03,0,4,7.9,8.2,7.9,8.1,8.1,38896680,11.408,2.405,7.685,8.563,7.792,8.535,50.0,7.814,8.068,-0.254,-0.312,7.978,8.849,7.107,-0.40546510810816444
2023-04-05,2,4,8.15,8.3,8.0,8.1,8.1,34055807,11.408,2.405,7.72,8.532,7.848,8.518,53.191,7.858,8.07,-0.212,-0.292,7.958,8.797,7.119,-0.40546510810816444
2023-04-06,3,4,8.15,8.3,8.05,8.15,8.15,32437850,11.479,2.42,7.755,8.495,7.903,8.504,54.167,7.903,8.076,-0.173,-0.268,7.935,8.724,7.146,-0.40546510810816444
2023-04-10,0,4,8.2,8.2,8.0,8.05,8.05,22032132,11.338,2.39,7.78,8.461,7.93,8.486,53.061,7.925,8.074,-0.149,-0.244,7.907,8.634,7.18,-0.40546510810816444
2023-04-11,1,4,8.1,8.35,8.0,8.15,8.15,44136206,11.479,2.42,7.82,8.431,7.97,8.473,53.061,7.96,8.08,-0.12,-0.219,7.88,8.517,7.243,-0.40546510810816444
2023-04-12,2,4,8.15,8.25,8.05,8.1,8.1,37352480,11.408,2.405,7.875,8.403,7.994,8.458,57.778,7.982,8.081,-0.099,-0.195,7.865,8.463,7.267,-0.40546510810816444
2023-04-13,3,4,8.15,8.25,8.0,8.05,8.05,49318062,11.338,2.39,7.96,8.382,8.004,8.442,55.556,7.992,8.079,-0.087,-0.174,7.862,8.457,7.267,-0.40546510810816444
2023-04-17,0,4,8.0,8.2,7.95,8.15,8.15,45874702,11.479,2.42,8.07,8.366,8.03,8.431,57.447,8.016,8.084,-0.068,-0.153,7.873,8.48,7.266,-0.40546510810816444
2023-04-18,1,4,8.15,8.2,8.0,8.05,8.05,39250925,11.338,2.39,8.08,8.331,8.034,8.416,56.25,8.022,8.082,-0.06,-0.134,7.878,8.49,7.266,-0.40546510810816444
2023-04-19,2,4,8.0,8.15,7.95,8.0,8.0,36980183,11.268,2.375,8.09,8.307,8.028,8.4,60.0,8.018,8.076,-0.058,-0.119,7.882,8.496,7.268,-0.40546510810816444
2023-04-20,3,4,8.05,8.1,7.95,7.95,7.95,18933562,11.197,2.36,8.075,8.282,8.014,8.382,69.231,8.008,8.066,-0.058,-0.107,7.88,8.493,7.267,-0.40546510810816444
2023-04-21,4,4,8.0,8.05,7.95,7.95,7.95,12324483,11.197,2.36,8.06,8.26,8.002,8.365,75.0,7.999,8.058,-0.059,-0.097,7.89,8.5,7.28,-0.6931471805599453
2023-04-24,0,4,8.0,8.1,7.9,7.95,7.95,31696681,11.197,2.36,8.04,8.238,7.993,8.349,50.0,7.991,8.05,-0.059,-0.089,7.898,8.507,7.289,-0.40546510810816444
2023-04-25,1,4,7.95,8.3,7.9,8.15,8.15,82252903,11.479,2.42,8.05,8.222,8.021,8.341,61.905,8.016,8.057,-0.041,-0.08,7.915,8.532,7.298,-0.40546510810816444
2023-04-26,2,4,8.25,8.75,8.1,8.2,8.2,140422847,11.549,2.435,8.055,8.206,8.054,8.335,55.556,8.044,8.068,-0.024,-0.069,7.938,8.563,7.313,-0.3794896217049037
2023-04-27,3,4,8.2,8.25,8.1,8.2,8.2,45358977,11.549,2.435,8.065,8.186,8.08,8.33,55.556,8.068,8.078,-0.01,-0.057,7.97,8.577,7.363,-0.40546510810816444
2023-04-28,4,4,8.25,8.45,8.15,8.3,8.3,57266827,11.69,2.464,8.09,8.169,8.12,8.329,57.895,8.104,8.094,0.01,-0.044,8.025,8.529,7.521,-0.40546510810816444
2023-05-02,1,5,8.35,8.4,7.9,8.1,8.1,91311768,11.408,2.405,8.085,8.15,8.117,8.32,52.381,8.103,8.095,0.008,-0.033,8.078,8.287,7.869,-0.40546510810816444
2023-05-03,2,5,8.1,8.3,8.0,8.1,8.1,58132884,11.408,2.405,8.09,8.136,8.114,8.311,47.368,8.103,8.095,0.008,-0.025,8.085,8.285,7.885,-0.40546510810816444
2023-05-04,3,5,8.2,8.7,8.2,8.6,8.6,197115631,12.113,2.553,8.15,8.128,8.202,8.323,67.857,8.179,8.132,0.047,-0.011,8.12,8.409,7.831,0.336472236621213
2023-05-05,4,5,8.65,8.9,8.5,8.65,8.65,122285005,12.183,2.568,8.22,8.123,8.283,8.335,71.429,8.252,8.171,0.081,0.008,8.147,8.52,7.774,0.1112256351102244
2023-05-08,0,5,8.7,8.8,8.45,8.55,8.55,70124868,12.042,2.539,8.28,8.116,8.332,8.344,64.286,8.298,8.199,0.099,0.026,8.17,8.583,7.757,0.6931471805599453
2023-05-09,1,5,8.6,8.8,8.3,8.4,8.4,83194488,11.831,2.494,8.325,8.113,8.344,8.346,62.069,8.313,8.214,0.099,0.041,8.183,8.609,7.757,0.6931471805599453
2023-05-10,2,5,8.4,8.45,8.2,8.35,8.35,45546501,11.761,2.479,8.345,8.112,8.345,8.346,62.069,8.319,8.224,0.095,0.051,8.198,8.625,7.771,0.6931471805599453
2023-05-11,3,5,8.4,8.5,8.3,8.35,8.35,35885308,11.761,2.479,8.36,8.113,8.346,8.346,64.286,8.324,8.233,0.091,0.059,8.208,8.64,7.776,0.6931471805599453
2023-05-12,4,5,8.4,8.4,8.2,8.25,8.25,32986632,11.62,2.45,8.365,8.115,8.329,8.343,60.0,8.312,8.234,0.078,0.063,8.215,8.644,7.786,0.6931471805599453
2023-05-15,0,5,8.25,8.35,8.2,8.25,8.25,51475490,11.62,2.45,8.36,8.112,8.314,8.339,60.0,8.303,8.236,0.067,0.064,8.225,8.647,7.803,0.6931471805599453
2023-05-16,1,5,8.25,8.35,8.2,8.2,8.2,25372907,11.549,2.435,8.37,8.114,8.294,8.334,51.852,8.287,8.233,0.054,0.062,8.228,8.649,7.807,-0.6931471805599453
2023-05-17,2,5,8.25,8.8,8.2,8.65,8.65,137647805,12.183,2.568,8.425,8.123,8.358,8.346,62.857,8.343,8.264,0.079,0.065,8.257,8.709,7.805,2.268683541318364
2023-05-18,3,5,8.85,9.0,8.4,8.5,8.5,133866221,11.972,2.524,8.415,8.125,8.384,8.352,57.895,8.367,8.281,0.086,0.069,8.282,8.73,7.834,2.268683541318364
2023-05-19,4,5,8.6,8.65,8.35,8.5,8.5,58371953,11.972,2.524,8.4,8.13,8.405,8.358,55.556,8.387,8.298,0.089,0.073,8.31,8.739,7.881,2.6390573296152584
2023-05-22,0,5,8.6,9.6,8.5,9.25,9.25,317257961,13.028,2.746,8.47,8.145,8.559,8.393,74.468,8.52,8.368,0.152,0.089,8.375,8.945,7.805,1.0986122886681098
2023-05-23,1,5,9.45,9.65,9.15,9.45,9.45,161014013,13.31,2.806,8.575,8.162,8.721,8.434,76.471,8.663,8.448,0.215,0.114,8.45,9.162,7.738,1.0986122886681098
2023-05-24,2,5,9.55,10.2,9.55,10.05,10.05,277827881,14.155,2.984,8.745,8.191,8.963,8.498,77.358,8.877,8.567,0.31,0.153,8.545,9.539,7.551,1.0986122886681098
2023-05-25,3,5,10.2,10.3,9.7,9.8,9.8,165323748,13.803,2.91,8.89,8.213,9.115,8.549,70.175,9.019,8.658,0.361,0.195,8.625,9.751,7.499,1.0986122886681098
2023-05-26,4,5,9.8,10.15,9.45,10.0,10.0,149372185,14.085,2.969,9.065,8.245,9.276,8.606,74.576,9.17,8.758,0.412,0.238,8.715,9.977,7.453,1.0986122886681098
2023-05-29,0,5,10.15,10.45,10.1,10.35,10.35,179747106,14.577,3.073,9.275,8.29,9.471,8.674,80.952,9.351,8.876,0.475,0.286,8.817,10.258,7.376,0.8979415932059586
2023-05-30,1,5,10.35,10.75,10.2,10.65,10.65,294083000,15.0,3.162,9.52,8.344,9.685,8.751,83.824,9.551,9.007,0.544,0.337,8.945,10.559,7.331,0.8979415932059586
2023-05-31,2,5,10.9,11.85,10.65,11.75,11.75,751320632,16.549,3.489,9.83,8.42,10.061,8.869,87.778,9.889,9.21,0.679,0.406,9.128,11.121,7.135,0.8979415932059586
2023-06-01,3,6,11.85,12.0,11.05,11.15,11.15,316019955,15.704,3.311,10.095,8.485,10.259,8.959,79.0,10.083,9.354,0.729,0.47,9.255,11.424,7.086,1.349926716949016
2023-06-02,4,6,11.25,11.4,10.85,11.0,11.0,258642228,15.493,3.266,10.345,8.545,10.394,9.039,76.699,10.224,9.476,0.748,0.526,9.372,11.655,7.089,1.349926716949016
2023-06-05,0,6,11.1,11.5,11.0,11.4,11.4,272291792,16.056,3.385,10.56,8.618,10.577,9.131,79.091,10.405,9.618,0.787,0.578,9.515,11.934,7.096,1.349926716949016
2023-06-06,1,6,11.55,12.4,11.35,12.2,12.2,533178450,17.183,3.622,10.835,8.706,10.872,9.252,80.342,10.681,9.81,0.871,0.637,9.705,12.342,7.068,1.349926716949016
2023-06-07,2,6,12.55,14.6,12.5,14.45,14.45,346243409,20.352,4.29,11.275,8.839,11.522,9.455,87.421,11.261,10.153,1.108,0.731,10.01,13.314,6.706,0.8979415932059586
2023-06-08,3,6,14.2,14.2,13.2,13.35,13.35,522427881,18.803,3.964,11.63,8.951,11.855,9.608,76.796,11.582,10.39,1.192,0.823,10.26,13.784,6.736,1.349926716949016
2023-06-09,4,6,13.5,14.2,13.3,14.0,14.0,293778902,19.718,4.157,12.03,9.08,12.245,9.78,76.536,11.954,10.657,1.297,0.918,10.548,14.312,6.784,1.349926716949016
2023-06-12,0,6,14.15,15.4,14.1,15.3,15.3,461323199,21.549,4.543,12.525,9.242,12.8,9.997,79.104,12.469,11.001,1.468,1.028,10.9,15.058,6.742,0.8979415932059586
2023-06-13,1,6,15.4,15.75,14.75,15.1,15.1,390548184,21.268,4.483,12.97,9.403,13.218,10.197,76.166,12.874,11.305,1.569,1.136,11.245,15.6,6.89,1.349926716949016
2023-06-14,2,6,15.25,15.35,14.15,14.4,14.4,222177502,20.282,4.276,13.235,9.532,13.433,10.362,72.772,13.109,11.534,1.575,1.224,11.532,15.925,7.139,1.349926716949016
2023-06-15,3,6,14.4,14.6,14.0,14.45,14.45,178864927,20.352,4.29,13.565,9.663,13.618,10.522,72.362,13.315,11.75,1.565,1.292,11.83,16.163,7.497,1.349926716949016
2023-06-16,4,6,14.55,15.15,14.55,14.75,14.75,282491085,20.775,4.379,13.94,9.796,13.824,10.688,72.222,13.536,11.972,1.564,1.347,12.143,16.365,7.921,1.349926716949016
2023-06-19,0,6,14.95,15.05,14.25,14.55,14.55,163607569,20.493,4.32,14.255,9.925,13.956,10.839,69.898,13.692,12.163,1.529,1.383,12.408,16.53,8.286,1.7578579175523736
2023-06-20,1,6,14.65,14.7,13.65,14.25,14.25,196840707,20.07,4.231,14.46,10.047,14.009,10.973,63.889,13.778,12.318,1.46,1.398,12.647,16.599,8.695,1.7578579175523736
2023-06-21,2,6,14.3,14.55,13.85,14.0,14.0,134315767,19.718,4.157,14.415,10.166,14.008,11.092,66.474,13.812,12.443,1.369,1.393,12.845,16.643,9.047,0.7375989431307789
2023-06-22,3,6,14.05,14.1,13.3,13.6,13.6,150787608,19.155,4.038,14.44,10.275,13.934,11.19,64.607,13.779,12.528,1.251,1.364,13.035,16.562,9.508,0.7375989431307789
2023-06-23,4,6,13.6,14.15,13.25,13.85,13.85,133077725,19.507,4.112,14.425,10.39,13.918,11.294,64.0,13.79,12.626,1.164,1.324,13.228,16.466,9.99,0.7375989431307789
2023-06-26,0,6,13.95,14.25,13.65,14.0,14.0,93075149,19.718,4.157,14.295,10.509,13.933,11.401,61.111,13.822,12.728,1.094,1.278,13.41,16.364,10.456,0.7884573603642703
2023-06-27,1,6,14.05,14.4,14.0,14.1,14.1,81222094,19.859,4.186,14.195,10.628,13.964,11.506,47.059,13.865,12.83,1.035,1.23,13.582,16.246,10.918,0.7884573603642703
2023-06-28,2,6,14.2,15.0,14.2,14.75,14.75,204357357,20.775,4.379,14.23,10.762,14.107,11.634,62.727,14.001,12.972,1.029,1.189,13.732,16.297,11.167,0.7375989431307789
2023-06-30,4,6,15.05,15.65,14.95,15.3,15.3,260744421,21.549,4.543,14.315,10.908,14.324,11.777,62.037,14.201,13.144,1.057,1.163,13.94,16.288,11.592,0.7375989431307789
2023-07-03,0,7,15.75,16.8,15.75,16.8,16.8,389920926,23.662,4.988,14.52,11.085,14.774,11.974,63.393,14.601,13.415,1.186,1.168,14.23,16.48,11.98,1.1700712526502546
2023-07-04,1,7,17.45,18.45,17.15,18.3,18.3,701973517,25.775,5.433,14.895,11.292,15.415,12.222,73.188,15.17,13.777,1.393,1.213,14.575,17.097,12.053,0.8979415932059586
2023-07-05,2,7,17.95,18.15,17.4,17.4,17.4,264737406,24.507,5.166,15.21,11.481,15.776,12.425,71.127,15.513,14.045,1.468,1.264,14.835,17.398,12.272,0.8979415932059586
2023-07-06,3,7,16.8,17.95,16.65,17.65,17.65,415023310,24.859,5.24,15.575,11.671,16.117,12.63,71.918,15.842,14.312,1.53,1.317,14.995,17.841,12.149,1.349926716949016
2023-07-07,4,7,17.55,18.3,17.45,17.85,17.85,267551084,25.141,5.3,16.0,11.864,16.432,12.835,71.528,16.151,14.574,1.577,1.369,15.22,18.225,12.215,1.349926716949016
2023-07-10,0,7,18.05,18.1,17.2,17.35,17.35,142507601,24.437,5.151,16.35,12.047,16.599,13.012,68.667,16.335,14.78,1.555,1.406,15.388,18.479,12.297,1.7578579175523736
2023-07-11,1,7,17.5,18.2,17.05,17.95,17.95,369539889,25.282,5.33,16.745,12.24,16.844,13.206,73.718,16.584,15.015,1.569,1.439,15.52,18.816,12.224,1.349926716949016
2023-07-12,2,7,18.0,18.55,17.6,18.0,18.0,201949606,25.352,5.344,17.135,12.438,17.055,13.394,76.316,16.802,15.236,1.566,1.464,15.665,19.134,12.196,1.349926716949016
2023-07-13,3,7,18.15,18.35,17.45,17.55,17.55,149133001,24.718,5.211,17.415,12.627,17.145,13.557,75.817,16.917,15.407,1.51,1.473,15.822,19.335,12.309,1.349926716949016
2023-07-14,4,7,17.65,17.9,17.3,17.7,17.7,81517693,24.93,5.255,17.655,12.809,17.246,13.719,75.497,17.037,15.577,1.46,1.471,15.985,19.531,12.439,0.5108256237659907
2023-07-17,0,7,18.25,18.45,18.1,18.2,18.2,129569292,25.634,5.404,17.795,13.0,17.419,13.895,76.582,17.216,15.771,1.445,1.466,16.158,19.786,12.53,0.4795730802618863
2023-07-18,1,7,18.3,18.3,17.8,17.9,17.9,89012544,25.211,5.315,17.755,13.187,17.507,14.052,73.457,17.321,15.929,1.392,1.451,16.325,19.949,12.701,0.5108256237659907
2023-07-19,2,7,18.0,18.1,17.8,17.85,17.85,48709437,25.141,5.3,17.8,13.376,17.569,14.201,70.667,17.403,16.071,1.332,1.427,16.505,20.052,12.958,0.5108256237659907
2023-07-20,3,7,17.95,18.7,17.85,18.7,18.7,242575898,26.338,5.552,17.905,13.583,17.775,14.377,71.795,17.602,16.266,1.336,1.409,16.74,20.21,13.27,0.4795730802618863
2023-07-21,4,7,19.25,19.6,19.1,19.6,19.6,86292023,27.606,5.819,18.08,13.808,18.107,14.582,69.444,17.91,16.513,1.397,1.406,17.04,20.403,13.677,0.7884573603642703
2023-07-24,0,7,20.55,20.55,19.2,20.0,20.0,517944819,28.169,5.938,18.345,14.043,18.451,14.795,63.934,18.231,16.771,1.46,1.417,17.348,20.606,14.09,1.7578579175523736
2023-07-25,1,7,20.25,20.8,19.0,19.0,19.0,276540698,26.761,5.641,18.45,14.258,18.551,14.96,62.903,18.349,16.936,1.413,1.416,17.598,20.525,14.671,0.7375989431307789
2023-07-26,2,7,18.05,18.05,18.05,18.05,18.05,41086178,25.423,5.359,18.455,14.455,18.46,15.081,52.899,18.303,17.019,1.284,1.39,17.795,20.218,15.372,0.7884573603642703
2023-07-27,3,7,17.65,18.4,17.45,17.85,17.85,250669150,25.141,5.3,18.485,14.639,18.349,15.189,50.0,18.234,17.08,1.154,1.343,17.95,19.904,15.996,0.23638877806423034
2023-07-28,4,7,17.8,18.25,17.7,18.05,18.05,97658422,25.423,5.359,18.52,14.83,18.294,15.302,55.303,18.205,17.152,1.053,1.285,18.088,19.592,16.584,0.25131442828090617
2023-07-31,0,7,18.2,18.95,18.05,18.95,18.95,123353716,26.69,5.626,18.595,15.039,18.414,15.445,57.246,18.32,17.285,1.035,1.235,18.195,19.617,16.773,0.7375989431307789
2023-08-01,1,8,19.55,19.85,19.1,19.3,19.3,167771796,27.183,5.73,18.735,15.24,18.575,15.596,59.028,18.471,17.435,1.036,1.195,18.245,19.75,16.74,0.7375989431307789
2023-08-02,2,8,19.35,19.35,18.35,18.5,18.5,229699866,26.056,5.493,18.8,15.421,18.561,15.71,56.291,18.475,17.514,0.961,1.148,18.3,19.755,16.845,0.7375989431307789
2023-08-03,3,8,18.45,18.45,17.7,17.95,17.95,122802683,25.282,5.33,18.725,15.579,18.45,15.798,51.572,18.394,17.546,0.848,1.088,18.315,19.748,16.882,0.23638877806423034
2023-08-04,4,8,18.0,18.8,18.0,18.4,18.4,241151653,25.915,5.463,18.605,15.751,18.441,15.9,51.266,18.395,17.609,0.786,1.028,18.342,19.758,16.926,0.7375989431307789
2023-08-07,0,8,18.6,19.0,18.25,18.65,18.65,119709706,26.268,5.537,18.47,15.924,18.479,16.007,54.777,18.434,17.686,0.748,0.972,18.408,19.75,17.066,0.7375989431307789
2023-08-08,1,8,18.65,18.95,18.35,18.6,18.6,107177129,26.197,5.523,18.43,16.089,18.501,16.109,54.777,18.46,17.754,0.706,0.919,18.44,19.766,17.114,0.7375989431307789
2023-08-09,2,8,18.95,19.5,18.9,19.5,19.5,204669757,27.465,5.79,18.575,16.266,18.683,16.242,55.063,18.62,17.883,0.737,0.882,18.515,19.905,17.125,0.7375989431307789
2023-08-10,3,8,19.95,20.45,19.9,20.45,20.45,198521194,28.803,6.072,18.835,16.44,19.004,16.407,55.346,18.901,18.073,0.828,0.871,18.66,20.221,17.099,0.42744401482693956
2023-08-11,4,8,20.75,21.25,19.8,20.2,20.2,193133275,28.451,5.998,19.05,16.621,19.221,16.556,51.282,19.101,18.231,0.87,0.871,18.785,20.42,17.15,0.7375989431307789
2023-08-14,0,8,19.55,20.2,19.3,20.05,20.05,110526997,28.239,5.953,19.16,16.802,19.372,16.693,57.554,19.247,18.366,0.881,0.873,18.877,20.581,17.173,1.7578579175523736
2023-08-16,2,8,20.05,20.5,20.05,20.25,20.25,66006572,28.521,6.012,19.255,16.979,19.532,16.832,67.742,19.401,18.505,0.896,0.878,18.995,20.739,17.251,1.9459101490553132
2023-08-17,3,8,19.85,20.0,19.4,19.7,19.7,130822363,27.746,5.849,19.375,17.129,19.562,16.945,64.122,19.447,18.594,0.853,0.873,19.088,20.771,17.405,0.7375989431307789
2023-08-18,4,8,19.8,20.05,19.5,19.8,19.8,70016385,27.887,5.879,19.56,17.236,19.606,17.057,63.566,19.502,18.683,0.819,0.862,19.143,20.845,17.441,0.7884573603642703
2023-08-21,0,8,20.1,20.15,19.8,19.9,19.9,71793107,28.028,5.909,19.71,17.367,19.659,17.168,58.407,19.563,18.773,0.79,0.848,19.158,20.882,17.434,0.7884573603642703
2023-08-22,1,8,19.95,20.85,19.95,20.85,20.85,189624524,29.366,6.191,19.93,17.504,19.876,17.313,62.4,19.761,18.927,0.834,0.845,19.2,21.049,17.351,0.7375989431307789
2023-08-23,2,8,21.0,21.85,21.0,21.85,21.85,204874807,30.775,6.488,20.255,17.635,20.235,17.491,75.969,20.082,19.144,0.938,0.864,19.342,21.533,17.151,0.8979415932059586
2023-08-24,3,8,22.75,22.85,21.25,21.5,21.5,269657749,30.282,6.384,20.455,17.763,20.465,17.648,78.4,20.3,19.318,0.982,0.887,19.515,21.818,17.212,1.349926716949016
2023-08-25,4,8,21.65,22.55,21.55,22.4,22.4,166449370,31.549,6.651,20.65,17.923,20.817,17.834,79.851,20.623,19.546,1.077,0.925,19.742,22.243,17.241,0.8979415932059586
2023-08-28,0,8,23.4,23.5,23.25,23.5,23.5,192627964,33.099,6.977,20.98,18.104,21.304,18.056,82.119,21.066,19.839,1.227,0.986,20.015,22.898,17.132,0.8979415932059586
2023-08-29,1,8,24.0,24.65,23.95,24.65,24.65,203593052,34.718,7.319,21.44,18.302,21.913,18.315,84.971,21.617,20.196,1.421,1.073,20.3,23.801,16.799,0.8979415932059586
2023-08-30,2,8,25.85,25.85,25.35,25.85,25.85,88452282,36.408,7.675,22.0,18.528,22.629,18.61,85.475,22.269,20.614,1.655,1.189,20.627,24.879,16.375,0.9555114450274363
2023-08-31,3,8,26.5,27.05,24.55,24.55,24.55,413958502,34.577,7.289,22.485,18.734,22.978,18.843,72.043,22.62,20.906,1.714,1.294,20.93,25.4,16.46,1.349926716949016
2023-09-01,4,9,24.55,25.75,23.95,25.0,25.0,209113483,35.211,7.423,23.005,18.954,23.346,19.085,75.263,22.986,21.209,1.777,1.391,21.282,25.873,16.691,1.349926716949016
2023-09-04,0,9,25.45,25.7,23.85,24.1,24.1,189499859,33.944,7.156,23.425,19.164,23.483,19.281,69.756,23.157,21.423,1.734,1.459,21.568,26.113,17.023,1.7578579175523736
2023-09-05,1,9,24.6,24.9,23.5,23.6,23.6,131411045,33.239,7.007,23.7,19.359,23.504,19.451,65.877,23.225,21.585,1.64,1.495,21.815,26.228,17.402,1.7578579175523736
2023-09-06,2,9,23.8,24.4,23.4,23.8,23.8,107987698,33.521,7.067,23.895,19.555,23.558,19.621,70.098,23.314,21.749,1.565,1.509,22.075,26.299,17.851,1.349926716949016
2023-09-07,3,9,24.1,24.95,23.55,24.1,24.1,170673034,33.944,7.156,24.155,19.755,23.656,19.797,70.673,23.435,21.923,1.512,1.51,22.305,26.439,18.171,1.349926716949016
2023-09-08,4,9,24.2,24.3,23.65,24.05,24.05,87741294,33.873,7.141,24.32,19.941,23.728,19.964,70.048,23.529,22.08,1.449,1.498,22.485,26.592,18.378,0.5108256237659907
2023-09-11,0,9,24.3,24.4,23.75,24.0,24.0,93344063,33.803,7.126,24.37,20.115,23.777,20.122,66.667,23.602,22.223,1.379,1.474,22.675,26.687,18.663,0.7884573603642703
2023-09-12,1,9,24.15,24.2,22.8,22.8,22.8,146034046,32.113,6.77,24.185,20.235,23.6,20.227,54.922,23.478,22.265,1.213,1.422,22.813,26.63,18.996,0.23638877806423034
2023-09-13,2,9,22.2,22.5,21.7,22.15,22.15,236321372,31.197,6.577,23.815,20.312,23.336,20.303,53.266,23.274,22.257,1.017,1.341,22.908,26.547,19.269,0.23638877806423034
2023-09-14,3,9,22.35,23.25,21.75,23.25,23.25,178268509,32.746,6.903,23.685,20.429,23.32,20.418,54.187,23.27,22.33,0.94,1.261,23.085,26.397,19.773,0.7375989431307789
2023-09-15,4,9,23.6,24.4,23.15,24.2,24.2,225766744,34.085,7.185,23.605,20.56,23.48,20.566,53.5,23.413,22.469,0.944,1.197,23.305,26.264,20.346,0.7375989431307789
2023-09-18,0,9,24.7,25.1,24.5,24.75,24.75,142270040,34.859,7.349,23.67,20.698,23.711,20.73,50.532,23.619,22.638,0.981,1.154,23.548,26.099,20.997,0.7375989431307789
2023-09-20,2,9,24.95,25.95,24.5,25.85,25.85,166418138,36.408,7.675,23.895,20.868,24.1,20.931,50.0,23.962,22.876,1.086,1.14,23.798,26.212,21.384,0.7375989431307789
2023-09-21,3,9,25.85,26.25,25.15,25.5,25.5,166438893,35.915,7.571,24.065,21.019,24.355,21.11,55.689,24.199,23.07,1.129,1.138,23.98,26.325,21.635,0.7375989431307789
2023-09-22,4,9,25.65,25.85,24.5,25.05,25.05,95275738,35.282,7.438,24.16,21.16,24.481,21.265,50.299,24.33,23.217,1.113,1.133,24.158,26.235,22.081,0.7884573603642703
2023-09-25,0,9,25.75,26.05,25.1,25.5,25.5,71458712,35.915,7.571,24.305,21.319,24.666,21.431,58.861,24.51,23.386,1.124,1.131,24.312,26.297,22.327,0.7884573603642703
2023-09-26,1,9,25.6,26.1,24.95,26.0,26.0,110565689,36.62,7.72,24.505,21.485,24.909,21.61,65.19,24.739,23.58,1.159,1.137,24.438,26.52,22.356,1.7578579175523736
2023-09-27,2,9,25.1,25.9,25.05,25.65,25.65,94771055,36.127,7.616,24.79,21.634,25.044,21.769,61.491,24.879,23.733,1.146,1.139,24.488,26.639,22.337,1.9459101490553132
2023-09-28,3,9,25.7,26.4,25.45,25.65,25.65,75375280,36.127,7.616,25.14,21.789,25.154,21.921,60.0,24.998,23.875,1.123,1.136,24.478,26.604,22.352,0.7884573603642703
2023-09-29,4,9,25.85,26.2,25.55,25.8,25.8,76660245,36.338,7.66,25.395,21.948,25.271,22.073,61.146,25.121,24.018,1.103,1.129,24.54,26.747,22.333,0.7884573603642703
2023-10-03,1,10,25.95,27.05,25.75,26.95,26.95,215807142,37.958,8.002,25.67,22.113,25.577,22.264,66.48,25.403,24.235,1.168,1.137,24.638,27.089,22.187,1.7578579175523736
2023-10-04,2,10,27.35,28.25,27.1,28.1,28.1,346015638,39.577,8.343,26.005,22.283,26.035,22.493,79.775,25.818,24.521,1.297,1.169,24.838,27.719,21.957,0.8979415932059586
2023-10-05,3,10,28.6,29.5,28.55,29.5,29.5,285672016,41.549,8.759,26.37,22.473,26.665,22.768,88.083,26.384,24.89,1.494,1.234,25.132,28.623,21.641,0.8979415932059586
2023-10-06,4,10,28.85,29.8,28.4,29.1,29.1,273969163,40.986,8.64,26.73,22.675,27.108,23.016,82.682,26.802,25.202,1.6,1.307,25.398,29.25,21.546,1.349926716949016
2023-10-09,0,10,28.2,28.35,27.65,27.65,27.65,151080200,38.944,8.21,26.99,22.867,27.207,23.198,68.254,26.932,25.383,1.549,1.355,25.575,29.501,21.649,1.7578579175523736
2023-10-10,1,10,26.5,27.4,26.3,26.35,26.35,80186599,37.113,7.824,27.075,23.037,27.051,23.321,57.843,26.843,25.455,1.388,1.362,25.69,29.563,21.817,1.9459101490553132
2023-10-11,2,10,26.5,27.65,26.45,27.65,27.65,45365872,38.944,8.21,27.24,23.229,27.16,23.491,58.654,26.967,25.617,1.35,1.36,25.873,29.754,21.992,0.7884573603642703
2023-10-12,3,10,28.25,28.6,27.05,27.15,27.15,70399620,38.239,8.061,27.39,23.393,27.158,23.635,57.82,26.995,25.731,1.264,1.34,26.09,29.726,22.454,0.7884573603642703
2023-10-13,4,10,27.2,27.45,26.6,26.8,26.8,39585232,37.746,7.957,27.505,23.543,27.093,23.759,58.373,26.965,25.81,1.155,1.303,26.322,29.457,23.187,0.7884573603642703
2023-10-16,0,10,27.6,28.1,27.05,28.1,28.1,73809145,39.577,8.343,27.735,23.735,27.276,23.929,61.504,27.14,25.98,1.16,1.275,26.565,29.439,23.691,0.7884573603642703
2023-10-17,1,10,28.9,29.5,28.65,29.5,29.5,111721555,41.549,8.759,27.99,23.966,27.68,24.148,64.344,27.503,26.24,1.263,1.272,26.83,29.763,23.897,0.7375989431307789
2023-10-18,2,10,30.25,30.95,29.8,30.95,30.95,131127521,43.592,9.189,28.275,24.217,28.275,24.414,69.925,28.033,26.589,1.444,1.307,27.14,30.435,23.845,1.1700712526502546
2023-10-19,3,10,31.0,32.1,30.0,31.6,31.6,135200931,44.507,9.382,28.485,24.476,28.879,24.696,71.326,28.582,26.96,1.622,1.37,27.428,31.216,23.64,0.8979415932059586
2023-10-20,4,10,31.45,33.15,31.0,32.5,32.5,373269936,45.775,9.65,28.825,24.754,29.538,25.002,72.789,29.185,27.371,1.814,1.459,27.777,32.074,23.48,0.8979415932059586
2023-10-23,0,10,33.25,34.1,31.4,31.8,31.8,130338329,44.789,9.442,29.24,25.0,29.949,25.269,67.018,29.587,27.699,1.888,1.544,28.115,32.568,23.662,1.7578579175523736
2023-10-25,2,10,32.1,33.1,30.3,31.9,31.9,98053560,44.93,9.471,29.795,25.229,30.304,25.529,64.394,29.943,28.01,1.933,1.622,28.435,33.015,23.855,1.9459101490553132
2023-10-26,3,10,31.25,31.95,30.3,31.4,31.4,99436973,44.225,9.323,30.17,25.453,30.503,25.759,57.724,30.167,28.261,1.906,1.679,28.705,33.317,24.093,1.9459101490553132
2023-10-27,4,10,32.0,32.9,31.95,32.1,32.1,80529369,45.211,9.531,30.665,25.694,30.793,26.008,61.905,30.464,28.546,1.918,1.727,29.028,33.642,24.414,1.9459101490553132
2023-10-30,0,10,32.7,32.8,31.25,31.55,31.55,42405596,44.437,9.368,31.14,25.92,30.931,26.225,66.667,30.631,28.768,1.863,1.754,29.322,33.779,24.865,1.9459101490553132
2023-10-31,1,10,32.0,32.0,30.0,30.6,30.6,49276497,43.099,9.086,31.39,26.138,30.871,26.397,68.722,30.627,28.904,1.723,1.748,29.562,33.728,25.396,0.7884573603642703
2023-11-01,2,11,30.7,31.6,30.6,31.3,31.3,39955174,44.085,9.293,31.57,26.368,30.949,26.589,66.977,30.73,29.081,1.649,1.728,29.78,33.824,25.736,0.7884573603642703
2023-11-02,3,11,31.9,32.85,31.35,32.65,32.65,52429624,45.986,9.694,31.74,26.623,31.258,26.827,73.707,31.026,29.346,1.68,1.718,30.008,34.164,25.852,0.5108256237659907
2023-11-03,4,11,33.2,34.25,33.0,34.25,34.25,76623253,48.239,10.169,32.005,26.891,31.802,27.118,78.988,31.522,29.709,1.813,1.737,30.245,34.803,25.687,1.4663370687934272
2023-11-06,0,11,35.95,35.95,35.95,35.95,35.95,15536896,50.634,10.674,32.35,27.173,32.556,27.464,79.623,32.203,30.171,2.032,1.796,30.588,35.77,25.406,0.9555114450274363
2023-11-07,1,11,37.0,37.4,35.0,37.35,37.35,145813507,52.606,11.09,32.905,27.49,33.428,27.852,79.623,32.995,30.703,2.292,1.895,31.072,36.875,25.269,0.8979415932059586
2023-11-08,2,11,37.8,39.2,36.8,37.4,37.4,113882054,52.676,11.105,33.455,27.79,34.15,28.226,77.215,33.673,31.199,2.474,2.011,31.625,37.635,25.615,1.349926716949016
2023-11-09,3,11,38.0,38.45,37.0,37.3,37.3,49396345,52.535,11.075,34.045,28.066,34.723,28.582,75.221,34.231,31.651,2.58,2.125,32.108,38.321,25.895,1.4663370687934272
2023-11-10,4,11,37.5,38.25,37.1,37.9,37.9,45379797,53.38,11.253,34.625,28.331,35.3,28.947,74.545,34.795,32.114,2.681,2.236,32.645,38.912,26.378,1.4663370687934272
2023-11-13,0,11,38.6,39.25,37.8,38.65,38.65,45335763,54.437,11.476,35.335,28.587,35.909,29.328,80.995,35.388,32.598,2.79,2.347,33.238,39.418,27.058,1.4663370687934272
2023-11-15,2,11,39.95,40.55,39.55,40.5,40.5,143082003,57.042,12.025,36.325,28.906,36.744,29.766,83.594,36.175,33.183,2.992,2.476,33.858,40.348,27.368,0.8979415932059586
2023-11-16,3,11,40.5,42.5,40.5,42.1,42.1,115717878,59.296,12.5,37.405,29.248,37.718,30.25,88.489,37.086,33.844,3.242,2.629,34.488,41.612,27.364,0.8979415932059586
2023-11-17,4,11,42.9,44.0,40.3,42.3,42.3,161956692,59.577,12.559,38.37,29.612,38.551,30.722,88.06,37.888,34.47,3.418,2.787,35.055,42.776,27.334,1.349926716949016
2023-11-20,0,11,42.5,43.0,40.2,41.35,41.35,130271353,58.239,12.277,39.08,29.967,39.06,31.139,85.507,38.421,34.98,3.441,2.918,35.543,43.571,27.515,1.349926716949016
2023-11-21,1,11,41.5,41.5,39.3,39.3,39.3,111694707,55.352,11.669,39.415,30.277,39.104,31.459,79.195,38.556,35.3,3.256,2.985,35.882,43.943,27.821,1.349926716949016
2023-11-22,2,11,37.75,38.5,37.35,37.35,37.35,42657149,52.606,11.09,39.415,30.542,38.785,31.69,68.731,38.371,35.452,2.919,2.972,36.16,44.009,28.311,0.7884573603642703
2023-11-23,3,11,35.5,39.2,35.5,39.2,39.2,102656993,55.211,11.639,39.595,30.845,38.86,31.985,69.67,38.498,35.729,2.769,2.931,36.525,44.217,28.833,0.7375989431307789
2023-11-24,4,11,40.0,41.15,39.45,40.6,40.6,117045798,57.183,12.055,39.925,31.177,39.177,32.322,69.301,38.822,36.09,2.732,2.892,36.985,44.484,29.486,0.7375989431307789
2023-11-28,1,11,41.35,41.7,38.7,38.95,38.95,116147704,54.859,11.565,40.03,31.5,39.135,32.582,59.146,38.841,36.302,2.539,2.821,37.328,44.507,30.149,0.7375989431307789
2023-11-29,2,11,39.45,40.3,37.6,39.6,39.6,98361673,55.775,11.758,40.125,31.849,39.22,32.858,57.188,38.958,36.546,2.412,2.739,37.73,44.432,31.028,0.7884573603642703
2023-11-30,3,11,40.35,41.0,38.1,40.75,40.75,811525884,57.394,12.099,40.15,32.199,39.498,33.167,60.0,39.234,36.858,2.376,2.667,38.238,44.158,32.318,0.7375989431307789
2023-12-01,4,12,40.0,40.4,39.0,39.4,39.4,63576805,55.493,11.698,39.88,32.503,39.48,33.412,55.833,39.259,37.046,2.213,2.576,38.642,43.592,33.692,0.7884573603642703
2023-12-04,0,12,41.0,41.0,39.7,40.1,40.1,40525430,56.479,11.906,39.66,32.81,39.593,33.674,56.077,39.389,37.272,2.117,2.484,39.015,43.115,34.915,0.7884573603642703
2023-12-05,1,12,40.5,40.5,38.85,39.65,39.65,52174216,55.845,11.773,39.49,33.086,39.603,33.908,52.809,39.429,37.448,1.981,2.383,39.285,42.721,35.849,0.7884573603642703
2023-12-06,2,12,39.5,39.5,38.4,38.95,38.95,49075379,54.859,11.565,39.455,33.355,39.485,34.106,45.345,39.355,37.56,1.795,2.266,39.435,42.5,36.37,0.25131442828090617
2023-12-07,3,12,38.95,40.0,38.0,39.05,39.05,51193825,55.0,11.594,39.625,33.635,39.406,34.3,39.934,39.308,37.67,1.638,2.14,39.52,42.432,36.608,0.25131442828090617
2023-12-08,4,12,39.6,39.6,38.0,38.75,38.75,35448583,54.577,11.505,39.58,33.9,39.286,34.474,38.361,39.222,37.75,1.472,2.007,39.588,42.352,36.824,0.25131442828090617
2023-12-11,0,12,38.85,39.5,38.0,39.2,39.2,59585051,55.211,11.639,39.44,34.164,39.271,34.66,42.712,39.219,37.857,1.362,1.878,39.682,42.238,37.126,0.25131442828090617
2023-12-12,1,12,39.5,39.5,38.4,38.5,38.5,33308747,54.225,11.431,39.395,34.421,39.131,34.81,47.015,39.108,37.905,1.203,1.743,39.712,42.193,37.231,0.25131442828090617
2023-12-13,2,12,38.6,38.75,37.5,38.2,38.2,38010747,53.803,11.342,39.255,34.672,38.961,34.943,53.617,38.969,37.927,1.042,1.603,39.69,42.219,37.161,0.25131442828090617
2023-12-14,3,12,38.2,38.6,37.1,37.35,37.35,58576341,52.606,11.09,38.915,34.903,38.668,35.038,41.395,38.72,37.884,0.836,1.449,39.532,42.235,36.829,0.25131442828090617
2023-12-15,4,12,37.3,39.2,36.0,38.55,38.55,135917707,54.296,11.446,38.83,35.135,38.647,35.175,40.284,38.693,37.933,0.76,1.311,39.355,41.802,36.908,0.23638877806423034
2023-12-18,0,12,38.75,38.75,37.5,37.85,37.85,34128022,53.31,11.238,38.605,35.33,38.502,35.28,44.271,38.564,37.927,0.637,1.177,39.133,41.238,37.028,0.25131442828090617
2023-12-19,1,12,37.85,37.9,36.8,37.5,37.5,46279926,52.817,11.134,38.39,35.49,38.32,35.367,38.71,38.4,37.896,0.504,1.042,38.94,40.89,36.99,0.25131442828090617
2023-12-20,2,12,37.9,38.15,35.65,35.65,35.65,60110787,50.211,10.585,38.06,35.621,37.834,35.378,24.5,37.977,37.729,0.248,0.883,38.758,41.189,36.327,0.6931471805599453
2023-12-21,3,12,34.3,37.25,33.9,37.1,37.1,68214659,52.254,11.015,37.865,35.81,37.701,35.446,38.614,37.842,37.683,0.159,0.738,38.745,41.209,36.281,0.25131442828090617
2023-12-22,4,12,37.5,38.0,36.5,37.25,37.25,27363287,52.465,11.06,37.715,36.028,37.619,35.517,35.079,37.751,37.651,0.1,0.611,38.648,41.19,36.106,0.25131442828090617
2023-12-26,1,12,37.25,37.65,36.55,36.9,36.9,24483621,51.972,10.956,37.485,36.213,37.488,35.571,35.45,37.62,37.595,0.025,0.494,38.462,40.943,35.981,0.25131442828090617
2023-12-27,2,12,37.3,37.3,36.2,37.05,37.05,29736305,52.183,11.001,37.34,36.411,37.409,35.629,39.326,37.532,37.555,-0.023,0.39,38.368,40.915,35.821,0.25131442828090617
2023-12-28,3,12,37.2,38.5,37.1,38.15,38.15,49428774,53.732,11.327,37.335,36.638,37.543,35.728,45.455,37.627,37.599,0.028,0.318,38.295,40.776,35.814,0.25131442828090617
2023-12-29,4,12,38.55,38.7,38.0,38.2,38.2,28153967,53.803,11.342,37.42,36.84,37.663,35.825,47.15,37.715,37.643,0.072,0.269,38.168,40.364,35.972,0.7884573603642703
2024-01-01,0,1,38.5,38.6,38.0,38.5,38.5,35078873,54.225,11.431,37.415,37.02,37.815,35.93,46.316,37.836,37.707,0.129,0.241,38.122,40.247,35.997,0.7884573603642703
2024-01-02,1,1,38.7,38.8,37.1,38.25,38.25,30864924,53.873,11.357,37.455,37.166,37.894,36.021,48.619,37.9,37.747,0.153,0.223,38.03,39.943,36.117,0.7884573603642703
2024-01-03,2,1,38.25,38.25,37.7,37.8,37.8,21788140,53.239,11.223,37.485,37.29,37.877,36.09,47.826,37.884,37.751,0.133,0.205,37.938,39.694,36.182,0.25131442828090617
2024-01-04,3,1,37.8,39.3,37.75,38.7,38.7,38232279,54.507,11.49,37.79,37.414,38.027,36.193,57.297,38.01,37.821,0.189,0.202,37.925,39.654,36.196,0.7884573603642703
2024-01-05,4,1,38.9,40.6,38.7,40.6,40.6,75799676,57.183,12.055,38.14,37.59,38.494,36.366,60.302,38.408,38.027,0.381,0.238,38.003,40.053,35.953,1.2527629684953678
2024-01-08,0,1,41.5,42.6,40.0,42.6,42.6,92602484,60.0,12.648,38.675,37.804,39.241,36.61,71.111,39.053,38.366,0.687,0.328,38.195,41.09,35.3,0.9555114450274363
2024-01-09,1,1,43.25,44.0,41.5,43.55,43.55,103582158,61.338,12.931,39.34,38.047,40.024,36.882,75.527,39.745,38.75,0.995,0.461,38.412,42.154,34.67,0.8979415932059586
2024-01-10,2,1,44.1,44.2,42.3,43.55,43.55,54417493,61.338,12.931,39.99,38.276,40.665,37.144,89.5,40.33,39.105,1.225,0.614,38.665,43.057,34.273,0.9555114450274363
2024-01-11,3,1,43.9,44.0,42.7,43.6,43.6,48037394,61.408,12.945,40.535,38.517,41.199,37.397,87.791,40.833,39.438,1.395,0.77,38.935,43.841,34.029,1.4663370687934272
2024-01-12,4,1,43.8,45.4,43.15,44.9,44.9,88210161,63.239,13.331,41.205,38.803,41.872,37.691,89.231,41.459,39.843,1.616,0.939,39.312,44.828,33.796,0.9555114450274363
2024-01-15,0,1,45.2,45.7,43.7,43.85,43.85,73414515,61.761,13.02,41.74,39.054,42.232,37.933,83.254,41.827,40.14,1.687,1.089,39.578,45.438,33.718,1.4663370687934272
2024-01-16,1,1,44.0,44.2,41.65,42.05,42.05,73662300,59.225,12.485,42.12,39.242,42.199,38.094,70.661,41.861,40.281,1.58,1.187,39.788,45.689,33.887,1.4663370687934272
2024-01-17,2,1,41.5,42.65,40.35,40.9,40.9,62350656,57.606,12.144,42.43,39.375,41.962,38.204,61.317,41.713,40.327,1.386,1.227,39.957,45.775,34.139,1.9459101490553132
2024-01-18,3,1,40.9,42.9,40.1,42.9,42.9,77361249,60.423,12.738,42.85,39.514,42.133,38.388,66.667,41.896,40.518,1.378,1.257,40.32,45.907,34.733,1.9459101490553132
2024-01-19,4,1,43.5,44.45,41.45,41.85,41.85,118653572,58.944,12.426,42.975,39.604,42.081,38.524,61.279,41.889,40.616,1.273,1.26,40.558,45.97,35.146,1.7578579175523736
2024-01-23,1,1,42.5,43.0,40.2,41.15,41.15,61821069,57.958,12.218,42.83,39.679,41.912,38.627,59.477,41.775,40.656,1.119,1.232,40.752,45.939,35.565,0.7884573603642703
2024-01-24,2,1,41.6,41.6,40.35,41.2,41.2,33524849,58.028,12.233,42.595,39.757,41.783,38.728,61.409,41.687,40.696,0.991,1.184,40.967,45.827,36.107,0.7884573603642703
2024-01-25,3,1,41.65,43.0,40.9,42.55,42.55,53839790,59.93,12.634,42.495,39.85,41.922,38.878,62.541,41.82,40.833,0.987,1.144,41.242,45.781,36.703,0.7884573603642703
2024-01-29,0,1,43.0,43.85,42.55,43.25,43.25,64987571,60.915,12.841,42.46,39.942,42.164,39.049,59.364,42.04,41.012,1.028,1.121,41.498,45.876,37.12,0.7884573603642703
2024-01-30,1,1,43.5,44.85,42.75,43.8,43.8,88270852,61.69,13.005,42.35,40.008,42.461,39.236,54.724,42.31,41.219,1.091,1.115,41.777,45.979,37.575,0.7884573603642703
2024-01-31,2,1,44.4,45.95,44.2,45.95,45.95,145374835,64.718,13.643,42.56,40.085,43.095,39.499,58.633,42.87,41.569,1.301,1.152,42.15,46.449,37.851,1.7578579175523736
2024-02-01,3,2,47.3,48.2,47.0,48.2,48.2,195541083,67.887,14.311,43.175,40.203,44.024,39.84,64.396,43.69,42.061,1.629,1.248,42.648,47.332,37.964,1.1700712526502546
2024-02-02,4,2,49.9,50.6,48.0,48.6,48.6,219513812,68.451,14.43,43.945,40.348,44.856,40.184,65.152,44.446,42.545,1.901,1.378,43.188,48.007,38.369,1.1700712526502546
2024-02-05,0,2,49.6,50.0,47.5,48.25,48.25,112297989,67.958,14.326,44.48,40.527,45.473,40.5,60.772,45.031,42.968,2.063,1.515,43.665,48.505,38.825,1.7578579175523736
2024-02-06,1,2,48.8,48.8,47.2,48.0,48.0,53168885,67.606,14.252,45.095,40.74,45.932,40.794,64.068,45.488,43.34,2.148,1.642,44.035,49.017,39.053,1.9459101490553132
2024-02-07,2,2,48.2,49.95,48.2,49.25,49.25,64866228,69.366,14.623,45.905,40.941,46.536,41.126,75.352,46.067,43.778,2.289,1.771,44.367,49.812,38.922,1.4663370687934272
2024-02-08,3,2,49.5,49.75,48.5,49.35,49.35,53850076,69.507,14.653,46.72,41.116,47.047,41.448,82.129,46.572,44.191,2.381,1.893,44.658,50.522,38.794,1.4663370687934272
2024-02-09,4,2,49.35,49.4,46.9,47.35,47.35,90732188,66.69,14.059,47.2,41.284,47.102,41.68,66.92,46.691,44.425,2.266,1.968,44.848,50.806,38.89,1.9459101490553132
2024-02-12,0,2,47.95,48.2,45.0,45.0,45.0,65398403,63.38,13.361,47.375,41.392,46.72,41.81,60.9,46.431,44.467,1.964,1.967,44.918,50.847,38.989,0.7884573603642703
2024-02-13,1,2,43.65,44.65,42.75,43.9,43.9,135410453,61.831,13.034,47.385,41.455,46.207,41.892,59.259,46.042,44.425,1.617,1.897,44.868,50.815,38.921,0.23638877806423034
2024-02-14,2,2,42.45,46.05,42.05,46.05,46.05,59861806,64.859,13.673,47.395,41.588,46.179,42.055,64.307,46.043,44.546,1.497,1.817,44.978,50.927,39.029,0.7884573603642703
2024-02-15,3,2,46.95,47.75,46.5,47.05,47.05,44781950,66.268,13.97,47.28,41.727,46.337,42.251,63.554,46.198,44.731,1.467,1.747,45.228,51.078,39.378,0.7884573603642703
2024-02-16,4,2,47.7,47.7,46.0,46.85,46.85,23858185,65.986,13.91,47.105,41.871,46.43,42.431,61.18,46.298,44.888,1.41,1.68,45.525,51.044,40.006,0.7884573603642703
2024-02-19,0,2,47.5,47.6,46.05,46.15,46.15,19476010,65.0,13.702,46.895,42.015,46.379,42.577,57.231,46.275,44.982,1.293,1.602,45.688,51.072,40.304,0.7884573603642703
2024-02-20,1,2,46.65,46.85,45.6,45.8,45.8,20108565,64.507,13.599,46.675,42.15,46.274,42.703,49.481,46.202,45.042,1.16,1.514,45.885,50.957,40.813,0.25131442828090617
2024-02-21,2,2,45.95,46.0,43.75,44.75,44.75,30440623,63.028,13.287,46.225,42.27,45.997,42.784,36.981,45.979,45.021,0.958,1.403,46.065,50.662,41.468,0.25131442828090617
2024-02-22,3,2,44.85,45.3,43.8,44.8,44.8,23276564,63.099,13.302,45.77,42.382,45.779,42.863,35.271,45.798,45.004,0.794,1.281,46.245,50.289,42.201,0.25131442828090617
2024-02-23,4,2,45.15,45.6,44.8,44.9,44.9,25286705,63.239,13.331,45.525,42.51,45.619,42.943,36.759,45.659,44.997,0.662,1.157,46.362,50.077,42.647,0.25131442828090617
2024-02-26,0,2,45.75,45.75,43.35,43.75,43.75,30050547,61.62,12.99,45.4,42.621,45.28,42.974,34.317,45.366,44.904,0.462,1.018,46.388,50.021,42.755,0.25131442828090617
2024-02-27,1,2,44.2,45.0,43.5,44.55,44.55,22624252,62.746,13.227,45.465,42.765,45.147,43.036,32.061,45.24,44.878,0.362,0.887,46.425,49.959,42.891,0.25131442828090617
2024-02-28,2,2,44.6,44.65,42.35,43.2,43.2,36887600,60.845,12.827,45.18,42.858,44.793,43.042,28.571,44.926,44.754,0.172,0.744,46.288,50.103,42.473,0.5108256237659907
2024-02-29,3,2,43.0,45.35,41.05,45.25,45.25,117200579,63.732,13.435,45.0,43.006,44.876,43.129,42.708,44.976,44.79,0.186,0.632,46.14,49.871,42.409,0.23638877806423034
2024-03-01,4,3,45.6,46.0,44.1,44.3,44.3,22093410,62.394,13.153,44.745,43.142,44.771,43.175,47.308,44.872,44.754,0.118,0.529,45.925,49.553,42.297,0.25131442828090617
2024-03-04,0,3,42.8,43.8,41.75,42.8,42.8,55074786,60.282,12.708,44.41,43.285,44.413,43.16,45.896,44.553,44.609,-0.056,0.412,45.652,49.363,41.941,0.25131442828090617
2024-03-05,1,3,41.65,41.65,40.7,40.7,40.7,53278004,57.324,12.084,43.9,43.357,43.738,43.064,29.963,43.96,44.32,-0.36,0.258,45.288,49.437,41.139,0.6931471805599453
2024-03-06,2,3,39.0,39.0,38.7,38.7,38.7,29049668,54.507,11.49,43.295,43.386,42.822,42.893,20.906,43.151,43.904,-0.753,0.056,44.76,49.437,40.083,-1.2527629684953678
2024-03-07,3,3,37.2,40.6,37.2,40.6,40.6,58288425,57.183,12.055,42.875,43.46,42.418,42.803,30.53,42.759,43.659,-0.9,-0.135,44.323,48.825,39.821,-2.70805020110221
2024-03-11,0,3,41.5,42.0,39.0,39.35,39.35,39527748,55.423,11.683,42.32,43.506,41.86,42.667,29.518,42.234,43.34,-1.106,-0.33,43.922,48.705,39.139,-1.9459101490553132
2024-03-12,1,3,39.35,40.0,37.4,39.3,39.3,47404379,55.352,11.669,41.875,43.529,41.395,42.535,30.061,41.783,43.04,-1.257,-0.515,43.638,48.814,38.462,-2.70805020110221
2024-03-13,2,3,38.5,39.3,37.35,37.35,37.35,38160910,52.606,11.09,41.155,43.512,40.659,42.332,28.488,41.101,42.619,-1.518,-0.716,43.31,49.196,37.424,-1.2527629684953678
2024-03-14,3,3,35.5,39.2,35.5,39.05,39.05,67013191,55.0,11.594,40.74,43.523,40.367,42.203,34.748,40.785,42.355,-1.57,-0.887,42.96,48.991,36.929,-2.70805020110221
2024-03-15,4,3,39.0,40.0,37.5,39.4,39.4,144957453,55.493,11.698,40.155,43.546,40.191,42.093,35.602,40.572,42.136,-1.564,-1.022,42.578,48.485,36.671,-2.3353749158170367
2024-03-18,0,3,38.85,38.9,37.7,38.55,38.55,22647157,54.296,11.446,39.58,43.561,39.893,41.954,36.17,40.261,41.87,-1.609,-1.139,42.162,47.971,36.353,-2.70805020110221
2024-03-19,1,3,38.4,38.4,36.8,37.15,37.15,20548501,52.324,11.03,39.015,43.53,39.394,41.766,30.928,39.782,41.52,-1.738,-1.259,41.712,47.614,35.81,-2.70805020110221
2024-03-20,2,3,37.15,37.7,35.6,36.3,36.3,26893468,51.127,10.778,38.575,43.444,38.831,41.552,31.746,39.247,41.134,-1.887,-1.385,41.238,47.282,35.194,-2.70805020110221
2024-03-21,3,3,37.0,38.1,36.5,37.3,37.3,54916534,52.535,11.075,38.435,43.338,38.553,41.385,27.731,38.947,40.85,-1.903,-1.488,40.865,46.916,34.814,-1.9459101490553132
2024-03-22,4,3,37.0,37.95,36.35,37.35,37.35,17891396,52.606,11.09,38.11,43.214,38.334,41.227,29.499,38.701,40.591,-1.89,-1.569,40.492,46.44,34.544,-1.9459101490553132
2024-03-26,1,3,37.5,37.65,36.8,37.1,37.1,25064700,52.254,11.015,37.885,43.085,38.11,41.065,31.847,38.455,40.332,-1.877,-1.63,40.102,45.852,34.352,-2.70805020110221
2024-03-27,2,3,37.4,38.95,37.1,38.5,38.5,92336818,54.225,11.431,37.805,42.983,38.181,40.964,42.667,38.462,40.196,-1.734,-1.651,39.84,45.364,34.316,-2.70805020110221
2024-03-28,3,3,39.0,40.4,38.6,40.4,40.4,44688873,56.901,11.995,38.11,42.893,38.584,40.942,55.705,38.76,40.211,-1.451,-1.611,39.632,44.704,34.56,-0.5108256237659907
2024-04-01,0,4,39.95,41.75,38.4,41.35,41.35,32553386,58.239,12.277,38.34,42.843,39.087,40.958,52.688,39.159,40.296,-1.137,-1.516,39.54,44.402,34.678,-0.5108256237659907
2024-04-02,1,4,41.8,43.0,40.4,42.5,42.5,31126883,59.859,12.619,38.65,42.852,39.708,41.019,61.372,39.673,40.459,-0.786,-1.37,39.402,43.707,35.097,-0.5108256237659907
2024-04-03,2,4,42.5,43.55,41.6,43.5,43.5,28078702,61.268,12.916,39.145,42.904,40.397,41.116,64.189,40.261,40.684,-0.423,-1.181,39.362,43.487,35.237,-0.6931471805599453
2024-04-04,3,4,44.5,44.6,42.7,42.95,42.95,30712841,60.493,12.752,39.725,42.905,40.861,41.188,70.896,40.675,40.852,-0.177,-0.98,39.37,43.522,35.218,-0.7884573603642702
2024-04-05,4,4,43.0,43.0,42.0,42.65,42.65,15830518,60.07,12.663,40.36,42.921,41.187,41.245,65.0,40.979,40.985,-0.006,-0.785,39.468,43.837,35.099,-0.5108256237659907
2024-04-08,0,4,43.15,43.15,41.4,41.5,41.5,20072402,58.451,12.322,40.78,42.928,41.244,41.255,58.203,41.059,41.023,0.036,-0.621,39.608,44.052,35.164,-0.5108256237659907
2024-04-09,1,4,41.5,42.5,40.8,40.9,40.9,20548936,57.606,12.144,41.135,42.922,41.181,41.241,59.363,41.035,41.014,0.021,-0.493,39.622,44.082,35.162,-0.5108256237659907
2024-04-10,2,4,41.15,42.65,41.1,42.15,42.15,28693252,59.366,12.515,41.64,42.914,41.357,41.277,70.161,41.206,41.098,0.108,-0.372,39.762,44.36,35.164,0.25131442828090617
2024-04-12,4,4,42.15,42.75,41.8,42.15,42.15,37205677,59.366,12.515,42.005,42.892,41.501,41.311,75.325,41.351,41.176,0.175,-0.263,39.905,44.618,35.192,0.25131442828090617
2024-04-15,0,4,40.05,41.2,40.05,40.75,40.75,37643079,57.394,12.099,42.04,42.831,41.365,41.289,64.435,41.259,41.145,0.114,-0.188,40.075,44.643,35.507,0.5108256237659907
2024-04-16,1,4,39.85,41.25,39.55,40.5,40.5,20994202,57.042,12.025,41.955,42.722,41.208,41.258,62.963,41.142,41.097,0.045,-0.141,40.148,44.693,35.603,-0.5108256237659907
2024-04-18,3,4,41.0,41.7,40.7,41.15,41.15,23917024,57.958,12.218,41.82,42.581,41.197,41.254,66.135,41.143,41.101,0.042,-0.104,40.235,44.787,35.683,-0.5108256237659907
2024-04-19,4,4,40.45,40.7,39.1,39.35,39.35,54049625,55.423,11.683,41.405,42.396,40.861,41.179,53.282,40.867,40.971,-0.104,-0.104,40.275,44.779,35.771,-2.70805020110221
2024-04-22,0,4,38.85,41.3,38.6,40.85,40.85,62114928,57.535,12.129,41.195,42.248,40.859,41.166,51.793,40.865,40.962,-0.097,-0.103,40.46,44.721,36.199,-0.5108256237659907
2024-04-23,1,4,41.0,42.1,40.55,41.85,41.85,69215858,58.944,12.426,41.115,42.125,41.039,41.193,51.984,41.016,41.028,-0.012,-0.085,40.738,44.558,36.918,-0.5108256237659907
2024-04-24,2,4,41.9,42.5,41.45,41.8,41.8,34252835,58.873,12.411,41.145,41.976,41.178,41.217,46.957,41.137,41.085,0.052,-0.057,40.962,44.445,37.479,-0.5108256237659907
2024-04-25,3,4,42.2,42.3,41.25,42.15,42.15,22866483,59.366,12.515,41.27,41.832,41.354,41.254,43.779,41.293,41.164,0.129,-0.02,41.202,44.274,38.13,0.5108256237659907
2024-04-26,4,4,42.05,42.15,41.25,41.65,41.65,18201395,58.662,12.366,41.22,41.718,41.408,41.269,43.981,41.348,41.2,0.148,0.014,41.43,43.821,39.039,0.5108256237659907
2024-04-29,0,4,41.85,42.0,41.4,41.6,41.6,17815539,58.592,12.352,41.165,41.65,41.443,41.282,45.024,41.387,41.23,0.157,0.042,41.585,43.538,39.632,0.5108256237659907
2024-04-30,1,4,41.95,42.1,41.0,41.6,41.6,30499261,58.592,12.352,41.25,41.604,41.472,41.295,50.532,41.419,41.257,0.162,0.066,41.645,43.517,39.773,0.0
2024-05-02,3,5,41.6,42.05,41.05,41.7,41.7,31530269,58.732,12.381,41.37,41.517,41.513,41.31,54.494,41.463,41.29,0.173,0.088,41.662,43.529,39.795,0.5108256237659907
2024-05-03,4,5,42.0,42.3,41.05,41.35,41.35,23725164,58.239,12.277,41.39,41.403,41.483,41.312,45.0,41.445,41.294,0.151,0.1,41.605,43.433,39.777,0.0
2024-05-06,0,5,42.0,42.0,40.4,40.8,40.8,17232143,57.465,12.114,41.535,41.282,41.359,41.292,42.105,41.346,41.258,0.088,0.098,41.47,43.097,39.843,0.25131442828090617
2024-05-07,1,5,40.75,40.8,39.0,39.75,39.75,27831110,55.986,11.802,41.425,41.154,41.067,41.231,43.902,41.1,41.146,-0.046,0.069,41.31,42.953,39.667,-0.7884573603642702
2024-05-08,2,5,39.75,40.2,39.05,39.95,39.95,24940794,56.268,11.862,41.235,41.037,40.864,41.181,46.626,40.923,41.057,-0.134,0.028,41.175,42.798,39.552,-0.7884573603642702
2024-05-09,3,5,40.0,40.4,39.45,39.6,39.6,21071854,55.775,11.758,41.015,40.934,40.634,41.119,40.127,40.72,40.949,-0.229,-0.023,41.08,42.84,39.32,-0.7884573603642702
2024-05-10,4,5,39.85,40.1,39.0,39.9,39.9,14667345,56.197,11.847,40.79,40.836,40.5,41.071,54.331,40.594,40.872,-0.278,-0.074,41.03,42.867,39.193,-2.70805020110221
2024-05-13,0,5,39.9,39.9,37.9,39.0,39.0,23030136,54.93,11.58,40.525,40.718,40.228,40.99,33.913,40.349,40.733,-0.384,-0.136,40.872,42.84,38.904,-2.70805020110221
2024-05-14,1,5,39.05,40.75,39.05,40.2,40.2,15680138,56.62,11.936,40.385,40.647,40.223,40.959,36.134,40.326,40.694,-0.368,-0.182,40.775,42.668,38.882,-2.70805020110221
2024-05-15,2,5,40.4,42.2,40.05,42.2,42.2,42747507,59.437,12.53,40.445,40.6,40.582,41.008,52.532,40.614,40.805,-0.191,-0.184,40.848,42.845,38.851,-1.4663370687934272
2024-05-16,3,5,42.5,43.0,41.75,42.8,42.8,36344580,60.282,12.708,40.555,40.592,40.985,41.078,53.988,40.95,40.953,-0.003,-0.148,40.963,43.133,38.793,-0.5108256237659907
2024-05-17,4,5,42.8,42.95,42.1,42.6,42.6,24116415,60.0,12.648,40.68,40.539,41.279,41.138,56.051,41.204,41.075,0.129,-0.093,41.035,43.325,38.745,1.9459101490553132
2024-05-21,1,5,42.5,44.2,41.9,44.05,44.05,45615167,62.042,13.079,41.005,40.534,41.783,41.252,63.243,41.642,41.295,0.347,-0.005,41.27,43.786,38.754,1.2527629684953678
2024-05-22,2,5,44.5,46.25,42.95,46.0,46.0,80221850,64.789,13.658,41.63,40.598,42.55,41.438,69.643,42.312,41.644,0.668,0.13,41.528,44.803,38.253,1.2527629684953678
2024-05-23,3,5,46.4,48.3,45.7,48.3,48.3,90528423,68.028,14.341,42.465,40.75,43.595,41.707,74.627,43.234,42.137,1.097,0.323,41.85,46.313,37.387,0.9555114450274363
2024-05-24,4,5,49.0,49.0,45.9,45.95,45.95,53070069,64.718,13.643,43.1,40.895,44.023,41.874,64.935,43.651,42.419,1.232,0.505,42.058,46.883,37.233,1.9459101490553132
2024-05-27,0,5,45.25,46.7,45.0,45.2,45.2,38521150,63.662,13.42,43.63,40.987,44.237,42.004,64.103,43.89,42.625,1.265,0.657,42.21,47.235,37.185,1.9459101490553132
2024-05-28,1,5,45.5,45.85,43.4,43.95,43.95,26264263,61.901,13.049,44.125,41.079,44.185,42.08,63.291,43.899,42.723,1.176,0.761,42.325,47.402,37.248,1.9459101490553132
2024-05-29,2,5,43.9,46.1,43.55,46.1,46.1,30979346,64.93,13.688,44.715,41.215,44.533,42.238,67.324,44.238,42.974,1.264,0.861,42.55,47.884,37.216,1.9459101490553132
2024-05-30,3,5,46.3,46.9,44.5,45.4,45.4,31288700,63.944,13.48,45.035,41.376,44.691,42.362,66.022,44.416,43.153,1.263,0.942,42.74,48.2,37.28,1.9459101490553132
2024-05-31,4,5,45.7,47.65,44.3,47.65,47.65,115665511,67.113,14.148,45.52,41.548,45.229,42.569,69.327,44.914,43.486,1.428,1.039,43.038,48.894,37.182,1.7578579175523736
2024-06-03,0,6,50.0,50.0,50.0,50.0,50.0,62876628,70.423,14.846,46.26,41.76,46.096,42.861,75.581,45.696,43.969,1.727,1.177,43.47,50.036,36.904,1.4663370687934272
2024-06-04,1,6,52.1,52.1,47.5,47.5,47.5,123854100,66.901,14.103,46.605,41.939,46.352,43.043,66.009,45.974,44.23,1.744,1.29,43.805,50.48,37.13,1.7578579175523736
2024-06-05,2,6,45.15,49.8,45.15,48.45,48.45,81272335,68.239,14.385,46.85,42.165,46.733,43.255,64.368,46.355,44.543,1.812,1.394,44.24,50.936,37.544,1.9459101490553132
2024-06-06,3,6,49.45,50.5,48.5,49.8,49.8,49163158,70.141,14.786,47.0,42.435,47.291,43.511,65.556,46.885,44.932,1.953,1.506,44.732,51.547,37.917,1.9459101490553132
2024-06-07,4,6,50.0,50.45,49.0,49.9,49.9,30336425,70.282,14.816,47.395,42.687,47.765,43.762,66.295,47.349,45.3,2.049,1.615,45.247,51.986,38.508,1.9459101490553132
2024-06-10,0,6,47.4,48.63,47.4,47.4,47.4,90220734,66.761,14.074,47.615,42.888,47.699,43.905,57.143,47.357,45.456,1.901,1.672,45.622,51.929,39.315,1.9459101490553132
2024-06-11,1,6,47.4,49.29,47.02,48.26,48.26,47583387,67.972,14.329,48.046,43.111,47.801,44.075,55.054,47.496,45.664,1.832,1.704,46.086,51.663,40.509,1.9459101490553132
2024-06-12,2,6,48.51,50.5,48.4,50.28,50.28,87422931,70.817,14.929,48.464,43.347,48.252,44.319,54.484,47.924,46.006,1.918,1.747,46.59,51.732,41.448,1.9459101490553132
2024-06-13,3,6,50.5,50.5,49.29,49.87,49.87,48465602,70.239,14.807,48.911,43.536,48.546,44.536,59.732,48.223,46.292,1.931,1.784,46.973,51.875,42.071,1.9459101490553132
2024-06-14,4,6,50.0,51.19,49.1,49.48,49.48,85029862,69.69,14.691,49.094,43.699,48.716,44.73,60.819,48.417,46.528,1.889,1.805,47.307,51.914,42.7,1.9459101490553132
2024-06-18,1,6,49.6,50.29,48.85,49.96,49.96,49874657,70.366,14.834,49.09,43.848,48.942,44.935,65.807,48.654,46.782,1.872,1.818,47.675,51.855,43.495,1.9459101490553132
2024-06-19,2,6,50.19,50.28,48.75,48.9,48.9,26139387,68.873,14.519,49.23,43.956,48.934,45.091,57.812,48.692,46.939,1.753,1.805,47.918,51.761,44.075,0.7884573603642703
2024-06-20,3,6,51.34,51.34,49.55,50.53,50.53,99070183,71.169,15.003,49.438,44.108,49.224,45.304,63.607,48.975,47.205,1.77,1.798,48.144,52.045,44.243,0.7884573603642703
2024-06-21,4,6,51.2,53.05,51.0,53.05,53.05,143678671,74.718,15.751,49.763,44.316,49.92,45.608,64.121,49.602,47.638,1.964,1.831,48.382,52.859,43.905,1.1700712526502546
2024-06-24,0,6,55.45,55.7,54.15,54.7,54.7,149419809,77.042,16.241,50.243,44.58,50.789,45.964,62.758,50.386,48.161,2.225,1.91,48.819,53.957,43.681,1.1700712526502546
2024-06-25,1,6,55.15,55.5,53.32,53.6,53.6,63723030,75.493,15.914,50.863,44.834,51.3,46.264,67.92,50.88,48.564,2.316,1.991,49.239,54.503,43.975,1.9459101490553132
2024-06-26,2,6,53.6,54.37,52.3,52.76,52.76,52438770,74.31,15.665,51.313,45.046,51.566,46.519,62.744,51.17,48.875,2.295,2.052,49.68,54.539,44.821,1.9459101490553132
2024-06-27,3,6,53.05,54.0,51.5,53.28,53.28,52502181,75.042,15.819,51.613,45.268,51.877,46.784,60.821,51.494,49.201,2.293,2.1,50.038,54.844,45.232,1.9459101490553132
2024-06-28,4,6,53.9,54.0,52.71,52.86,52.86,38744898,74.451,15.695,51.912,45.511,52.056,47.022,59.024,51.704,49.472,2.232,2.127,50.412,54.846,45.978,1.9459101490553132
2024-07-01,0,7,53.2,53.28,52.59,52.93,52.93,25423991,74.549,15.716,52.257,45.759,52.215,47.254,69.792,51.893,49.728,2.165,2.134,50.676,55.046,46.306,1.9459101490553132
2024-07-02,1,7,53.0,53.38,52.43,53.03,53.03,24502330,74.69,15.745,52.564,45.997,52.363,47.48,68.055,52.068,49.973,2.095,2.126,50.827,55.307,46.347,0.7884573603642703
2024-07-03,2,7,53.1,53.95,53.0,53.53,53.53,29907631,75.394,15.894,53.027,46.28,52.575,47.718,63.901,52.293,50.236,2.057,2.113,51.128,55.475,46.781,0.7884573603642703
2024-07-04,3,7,53.6,55.67,53.37,54.03,54.03,63199465,76.099,16.042,53.377,46.544,52.84,47.965,67.657,52.56,50.517,2.043,2.099,51.407,55.747,47.067,0.7884573603642703
2024-07-05,4,7,54.37,56.49,53.8,55.49,55.49,96909661,78.155,16.476,53.621,46.817,53.322,48.26,73.385,53.011,50.886,2.125,2.104,51.692,56.324,47.06,1.4663370687934272
2024-07-08,0,7,55.95,56.0,54.5,55.2,55.2,54588551,77.746,16.39,53.671,47.085,53.663,48.532,70.695,53.348,51.205,2.143,2.112,51.957,56.761,47.153,1.4663370687934272
2024-07-09,1,7,55.3,55.84,53.86,55.37,55.37,33858415,77.986,16.44,53.848,47.349,53.973,48.8,77.485,53.659,51.514,2.145,2.118,52.355,56.881,47.829,1.4663370687934272
2024-07-10,2,7,55.67,56.0,53.9,54.89,54.89,37727227,77.31,16.298,54.061,47.614,54.14,49.039,70.527,53.848,51.764,2.084,2.111,52.687,56.911,48.463,0.5108256237659907
2024-07-11,3,7,55.0,55.0,54.2,54.72,54.72,26061094,77.07,16.247,54.205,47.876,54.246,49.262,60.097,53.982,51.983,1.999,2.089,52.909,57.067,48.751,0.7884573603642703
2024-07-12,4,7,55.0,55.43,53.65,54.63,54.63,37499020,76.944,16.22,54.382,48.137,54.315,49.473,49.478,54.082,52.179,1.903,2.052,53.147,57.113,49.181,0.7884573603642703
2024-07-15,0,7,55.0,55.0,54.02,54.62,54.62,27141448,76.93,16.217,54.551,48.395,54.371,49.674,59.075,54.165,52.36,1.805,2.002,53.404,57.02,49.788,0.7884573603642703
2024-07-16,1,7,54.9,56.0,54.43,55.88,55.88,76577863,78.704,16.591,54.836,48.686,54.645,49.918,75.828,54.429,52.621,1.808,1.964,53.7,57.091,50.309,0.5108256237659907
2024-07-18,3,7,55.5,55.72,53.82,55.39,55.39,68196637,78.014,16.446,55.022,48.978,54.781,50.132,67.554,54.577,52.826,1.751,1.921,54.024,56.633,51.415,0.7884573603642703
2024-07-19,4,7,55.38,55.87,53.82,54.55,54.55,52178598,76.831,16.197,55.074,49.274,54.739,50.306,63.142,54.572,52.953,1.619,1.861,54.226,56.257,52.195,0.7884573603642703
2024-07-22,0,7,54.66,55.44,53.5,55.08,55.08,47805246,77.577,16.354,55.033,49.576,54.801,50.493,65.602,54.651,53.111,1.54,1.797,54.327,56.313,52.341,0.7884573603642703
2024-07-23,1,7,57.2,57.83,54.0,57.83,57.83,281887693,81.451,17.17,55.296,49.941,55.352,50.781,75.157,55.14,53.46,1.68,1.773,54.484,57.013,51.955,0.21130909366720696
2024-07-24,2,7,59.7,60.72,59.63,60.72,60.72,90757700,85.521,18.029,55.831,50.357,56.328,51.17,80.134,55.998,53.998,2.0,1.819,54.84,58.566,51.114,0.9555114450274363
2024-07-25,3,7,62.29,63.75,60.8,61.47,61.47,170325709,86.577,18.251,56.489,50.807,57.263,51.574,80.542,56.84,54.552,2.288,1.912,55.275,59.905,50.645,0.8979415932059586
2024-07-26,4,7,62.68,63.0,61.0,61.89,61.89,67858407,87.169,18.376,57.206,51.241,58.104,51.979,78.725,57.617,55.095,2.522,2.034,55.706,61.094,50.318,0.9555114450274363
2024-07-29,0,7,62.95,64.98,62.38,64.98,64.98,97886927,91.521,19.293,58.241,51.696,59.354,52.489,85.079,58.75,55.827,2.923,2.212,56.312,62.937,49.687,0.9555114450274363
2024-07-30,1,7,65.81,68.22,65.63,68.22,68.22,114489676,96.085,20.255,59.601,52.205,60.966,53.106,87.772,60.207,56.745,3.462,2.462,57.076,65.375,48.777,0.8979415932059586
2024-07-31,2,7,70.11,70.89,68.28,69.38,69.38,131539602,97.718,20.6,60.951,52.74,62.496,53.744,90.955,61.618,57.681,3.937,2.757,57.893,67.613,48.173,0.8979415932059586
2024-08-01,3,8,69.93,70.99,66.22,67.98,67.98,134824650,95.746,20.184,62.21,53.219,63.493,54.302,85.042,62.597,58.444,4.153,3.036,58.616,69.09,48.142,1.349926716949016
2024-08-02,4,8,67.8,71.37,67.05,71.35,71.35,131096033,100.493,21.185,63.89,53.726,64.922,54.971,87.658,63.943,59.4,4.543,3.338,59.482,71.154,47.81,0.8979415932059586
2024-08-05,0,8,69.9,71.64,67.78,67.85,67.85,209904382,95.563,20.145,65.167,54.117,65.454,55.476,75.749,64.544,60.026,4.518,3.574,60.1,72.184,48.016,1.349926716949016
2024-08-06,1,8,68.75,70.85,65.6,66.27,66.27,96665562,93.338,19.676,66.011,54.523,65.602,55.899,69.973,64.81,60.489,4.321,3.723,60.653,72.806,48.5,1.9459101490553132
2024-08-07,2,8,69.0,69.58,68.11,69.58,69.58,65576822,98.0,20.659,66.897,55.011,66.326,56.436,74.61,65.544,61.162,4.382,3.855,61.364,73.873,48.855,1.4663370687934272
2024-08-08,3,8,71.0,73.05,70.58,72.92,72.92,212956025,102.704,21.651,68.042,55.59,67.525,57.082,79.317,66.679,62.033,4.646,4.013,62.265,75.393,49.137,1.349926716949016
2024-08-09,4,8,74.6,76.56,73.0,76.54,76.54,142611445,107.803,22.726,69.507,56.199,69.164,57.845,81.174,68.196,63.108,5.088,4.228,63.356,77.436,49.276,1.349926716949016
2024-08-12,0,8,77.15,80.36,74.65,80.36,80.36,131256497,113.183,23.86,71.045,56.898,71.199,58.728,81.741,70.067,64.386,5.681,4.519,64.643,80.009,49.277,0.8979415932059586
2024-08-13,1,8,81.97,84.29,78.35,80.79,80.79,193725637,113.789,23.988,72.302,57.561,72.943,59.593,80.381,71.717,65.601,6.116,4.838,65.952,82.158,49.746,1.349926716949016
2024-08-14,2,8,82.19,82.41,76.75,76.77,76.77,141960840,108.127,22.794,73.041,58.096,73.639,60.267,71.074,72.494,66.428,6.066,5.084,66.996,83.162,50.83,1.349926716949016
2024-08-16,4,8,77.95,80.5,74.12,79.95,79.95,155613726,112.606,23.738,74.238,58.745,74.786,61.039,73.118,73.641,67.43,6.211,5.309,68.224,84.409,52.039,1.349926716949016
2024-08-19,0,8,80.64,82.45,79.21,80.71,80.71,96552950,113.676,23.964,75.174,59.391,75.863,61.81,71.413,74.729,68.413,6.316,5.511,69.532,85.286,53.778,1.4663370687934272
2024-08-20,1,8,81.31,81.58,78.5,79.43,79.43,54449596,111.873,23.584,76.332,59.983,76.512,62.501,66.12,75.452,69.229,6.223,5.653,70.75,85.536,55.964,1.9459101490553132
2024-08-21,2,8,79.4,80.15,78.61,78.85,78.85,38869576,111.056,23.412,77.59,60.562,76.937,63.142,63.849,75.975,69.942,6.033,5.729,71.8,85.679,57.921,1.9459101490553132
2024-08-22,3,8,79.23,79.59,77.3,77.57,77.57,41519353,109.254,23.031,78.389,61.166,77.052,63.708,64.074,76.22,70.507,5.713,5.726,72.643,85.712,59.574,0.7884573603642703
2024-08-23,4,8,77.7,80.5,77.7,78.84,78.84,67410388,111.042,23.409,78.981,61.777,77.377,64.301,61.714,76.623,71.124,5.499,5.68,73.512,85.736,61.288,0.7884573603642703
2024-08-26,0,8,79.34,79.79,75.66,76.4,76.4,57918809,107.606,22.684,78.967,62.3,77.2,64.776,63.83,76.589,71.515,5.074,5.559,74.237,85.216,63.258,0.7884573603642703
2024-08-27,1,8,77.24,78.3,76.6,77.5,77.5,32622346,109.155,23.011,78.681,62.852,77.254,65.275,68.452,76.729,71.958,4.771,5.402,74.863,85.016,64.71,0.7884573603642703
2024-08-28,2,8,77.95,79.73,77.66,78.96,78.96,47724768,111.211,23.444,78.498,63.442,77.564,65.811,66.41,77.072,72.477,4.595,5.24,75.4,85.204,65.596,0.7884573603642703
2024-08-29,3,8,78.67,78.69,76.2,77.0,77.0,41938870,108.451,22.862,78.521,63.983,77.462,66.25,57.5,77.061,72.812,4.249,5.042,75.781,85.184,66.378,0.7884573603642703
2024-08-30,4,8,77.3,77.58,75.12,75.84,75.84,63934257,106.817,22.518,78.11,64.521,77.167,66.626,48.585,76.873,73.036,3.837,4.801,76.174,84.832,67.516,0.25131442828090617
2024-09-02,0,9,75.84,76.1,72.5,73.81,73.81,71966033,103.958,21.915,77.42,64.987,76.557,66.908,35.73,76.402,73.094,3.308,4.502,76.297,84.733,67.861,0.25131442828090617
2024-09-03,1,9,73.81,76.37,73.54,74.47,74.47,49347993,104.887,22.111,76.924,65.415,76.177,67.205,36.368,76.105,73.196,2.909,4.184,76.628,84.138,69.118,0.25131442828090617
2024-09-04,2,9,74.4,74.9,73.3,74.16,74.16,28321394,104.451,22.019,76.455,65.805,75.81,67.477,43.297,75.806,73.267,2.539,3.855,77.023,82.891,71.155,0.25131442828090617
2024-09-05,3,9,75.7,77.09,74.66,76.0,76.0,56483144,107.042,22.565,76.298,66.253,75.845,67.812,39.106,75.835,73.47,2.365,3.557,77.344,82.093,72.595,0.25131442828090617
2024-09-06,4,9,76.75,77.35,74.51,74.72,74.72,43635971,105.239,22.185,75.886,66.692,75.64,68.082,33.941,75.664,73.562,2.102,3.266,77.434,81.89,72.978,0.25131442828090617
2024-09-09,0,9,75.28,77.28,72.82,74.34,74.34,87247821,104.704,22.072,75.68,67.113,75.404,68.328,35.662,75.46,73.62,1.84,2.981,77.324,81.977,72.671,0.25131442828090617
2024-09-10,1,9,75.83,78.05,75.34,78.05,78.05,144759489,109.93,23.174,75.735,67.617,75.885,68.709,48.084,75.859,73.948,1.911,2.767,77.208,81.654,72.762,0.7375989431307789
2024-09-11,2,9,79.34,81.95,79.1,81.95,81.95,121404214,115.423,24.332,76.034,68.197,76.988,69.228,59.319,76.796,74.541,2.255,2.664,77.266,81.933,72.599,0.42744401482693956
2024-09-12,3,9,86.0,86.04,80.41,81.7,81.7,186025037,115.07,24.258,76.504,68.771,77.845,69.717,56.361,77.55,75.071,2.479,2.627,77.512,82.573,72.451,0.7375989431307789
2024-09-13,4,9,82.14,84.5,80.8,83.11,83.11,82750388,117.056,24.676,77.231,69.362,78.802,70.243,65.641,78.406,75.666,2.74,2.65,77.67,83.225,72.115,1.9459101490553132
2024-09-16,0,9,83.88,85.85,83.66,84.7,84.7,67945786,119.296,25.148,78.32,69.976,79.874,70.81,66.408,79.374,76.336,3.038,2.727,77.87,84.126,71.614,1.2527629684953678
2024-09-17,1,9,85.18,85.4,80.57,82.0,82.0,61029140,115.493,24.347,79.073,70.506,80.261,71.248,56.557,79.778,76.755,3.023,2.787,77.998,84.49,71.506,1.9459101490553132
2024-09-18,2,9,82.2,82.98,80.52,80.82,80.82,37668180,113.831,23.996,79.739,71.018,80.362,71.624,58.527,79.938,77.056,2.882,2.806,78.097,84.703,71.491,1.9459101490553132
2024-09-19,3,9,81.89,83.0,78.0,80.97,80.97,60446356,114.042,24.041,80.236,71.53,80.473,71.99,61.992,80.097,77.346,2.751,2.795,78.267,84.99,71.544,0.7884573603642703
2024-09-20,4,9,82.24,84.0,81.31,83.45,83.45,74313107,117.535,24.777,81.109,72.101,81.014,72.44,72.07,80.613,77.798,2.815,2.799,78.498,85.608,71.388,1.4663370687934272
2024-09-23,0,9,84.19,84.99,82.7,82.89,82.89,35307207,116.746,24.611,81.964,72.665,81.355,72.85,69.365,80.963,78.176,2.787,2.796,78.822,86.119,71.525,0.7884573603642703
2024-09-24,1,9,83.0,84.2,82.32,83.79,83.79,34414038,118.014,24.878,82.538,73.248,81.798,73.279,71.563,81.398,78.591,2.807,2.799,79.136,86.729,71.543,1.4663370687934272
2024-09-25,2,9,83.7,83.7,82.5,82.96,82.96,27040040,116.845,24.632,82.639,73.815,82.009,73.658,66.323,81.638,78.915,2.723,2.783,79.336,87.118,71.554,0.7884573603642703
2024-09-26,3,9,82.95,83.36,81.5,81.84,81.84,24929699,115.268,24.299,82.653,74.334,81.978,73.979,66.824,81.669,79.132,2.537,2.734,79.578,87.355,71.801,0.7884573603642703
2024-09-27,4,9,81.75,82.77,80.5,81.09,81.09,42523359,114.211,24.077,82.451,74.848,81.817,74.258,65.676,81.58,79.277,2.303,2.648,79.841,87.439,72.243,0.7884573603642703
2024-09-30,0,9,80.8,81.58,79.37,80.05,80.05,42376466,112.746,23.768,81.986,75.358,81.496,74.485,55.302,81.345,79.334,2.011,2.521,80.153,87.201,73.105,0.25131442828090617
2024-10-01,1,10,80.3,81.53,79.5,79.74,79.74,27494973,112.31,23.676,81.76,75.851,81.176,74.691,42.764,81.098,79.364,1.734,2.363,80.416,86.944,73.888,0.25131442828090617
2024-10-03,3,10,76.74,78.6,75.75,75.75,75.75,79766127,106.69,22.491,81.253,76.21,80.19,74.733,34.35,80.275,79.096,1.179,2.126,80.496,86.736,74.256,0.25131442828090617
2024-10-04,4,10,74.85,76.65,72.22,74.67,74.67,77974009,105.169,22.17,80.623,76.489,79.186,74.73,27.409,79.413,78.768,0.645,1.83,80.429,86.895,73.963,0.5108256237659907
2024-10-07,0,10,75.64,76.49,70.93,70.93,70.93,76807728,99.901,21.06,79.371,76.678,77.685,74.581,16.947,78.108,78.188,-0.08,1.448,80.24,87.574,72.906,0.6931471805599453
2024-10-08,1,10,68.1,74.2,66.1,73.64,73.64,135896990,103.718,21.865,78.446,76.913,76.95,74.544,29.942,77.42,77.851,-0.431,1.072,80.205,87.664,72.746,0.4795730802618863
2024-10-09,2,10,74.59,80.6,74.55,76.69,76.69,136134618,108.014,22.77,77.736,77.147,76.902,74.628,40.907,77.308,77.765,-0.457,0.766,80.137,87.702,72.572,0.23638877806423034
2024-10-10,3,10,77.5,77.89,74.67,75.44,75.44,71016473,106.254,22.399,76.984,77.291,76.637,74.66,38.387,77.021,77.593,-0.572,0.499,79.812,87.606,72.018,-0.7884573603642702
2024-10-11,4,10,75.75,76.07,74.25,74.39,74.39,32799505,104.775,22.087,76.239,77.392,76.228,74.65,29.759,76.616,77.356,-0.74,0.251,79.446,87.546,71.346,-0.5108256237659907
2024-10-14,0,10,74.65,75.0,73.75,74.01,74.01,24979009,104.239,21.974,75.531,77.512,75.825,74.625,30.0,76.215,77.108,-0.893,0.022,78.991,87.246,70.736,-0.5108256237659907
2024-10-15,1,10,74.1,74.24,72.15,73.71,73.71,42418804,103.817,21.885,74.897,77.559,75.44,74.589,26.667,75.83,76.856,-1.026,-0.187,78.441,86.557,70.325,-0.5108256237659907
2024-10-16,2,10,73.71,75.65,73.52,75.05,75.05,47156496,105.704,22.283,74.428,77.703,75.369,74.607,32.112,75.71,76.722,-1.012,-0.352,78.094,86.164,70.024,-0.7884573603642702
2024-10-17,3,10,75.39,75.45,72.4,73.01,73.01,32194681,102.831,21.678,74.154,77.838,74.94,74.544,30.829,75.294,76.447,-1.153,-0.512,77.704,85.972,69.436,-0.7884573603642702
2024-10-18,4,10,72.9,73.35,71.1,72.19,72.19,36018706,101.676,21.434,73.906,77.89,74.44,74.452,30.736,74.817,76.132,-1.315,-0.673,77.264,85.732,68.796,-2.70805020110221
2024-10-21,0,10,72.49,72.77,70.3,70.63,70.63,27026007,99.479,20.971,73.876,77.845,73.748,74.302,30.059,74.173,75.724,-1.551,-0.849,76.624,85.061,68.187,-2.70805020110221
2024-10-22,1,10,70.59,71.3,67.5,68.56,68.56,67732028,96.563,20.356,73.368,77.685,72.804,74.077,27.975,73.309,75.194,-1.885,-1.056,75.907,84.535,67.279,-1.9459101490553132
2024-10-23,2,10,67.3,69.94,66.1,68.85,68.85,55215451,96.972,20.442,72.584,77.455,72.085,73.872,34.087,72.623,74.724,-2.101,-1.265,75.16,83.496,66.824,-2.70805020110221
2024-10-24,3,10,69.08,71.14,68.4,69.15,69.15,35058205,97.394,20.531,71.955,77.222,71.552,73.687,36.794,72.089,74.311,-2.222,-1.456,74.47,82.362,66.578,-2.70805020110221
2024-10-25,4,10,69.88,70.3,66.0,67.47,67.47,49452859,95.028,20.033,71.263,77.036,70.81,73.443,40.817,71.378,73.804,-2.426,-1.65,73.751,81.431,66.071,-2.70805020110221
2024-10-28,0,10,68.0,72.6,66.14,70.84,70.84,81820533,99.775,21.033,70.946,76.854,70.815,73.341,42.821,71.295,73.585,-2.29,-1.778,73.238,80.19,66.286,-2.70805020110221
2024-10-29,1,10,72.75,73.5,66.82,68.87,68.87,129971042,97.0,20.448,70.462,76.617,70.461,73.165,28.773,70.922,73.235,-2.313,-1.885,72.679,79.102,66.256,-1.7578579175523736
2024-10-30,2,10,68.99,69.63,67.56,68.13,68.13,52761387,95.958,20.229,69.77,76.391,70.038,72.968,29.592,70.493,72.857,-2.364,-1.981,72.099,77.904,66.294,-1.9459101490553132
2024-10-31,3,10,67.96,68.44,66.7,66.95,66.95,41454018,94.296,19.878,69.164,76.153,69.476,72.732,29.379,69.948,72.42,-2.472,-2.079,71.659,77.631,65.687,-1.9459101490553132
2024-11-01,4,11,67.3,68.4,67.2,68.14,68.14,14965199,95.972,20.232,68.759,75.964,69.233,72.552,34.43,69.67,72.103,-2.433,-2.15,71.333,77.326,65.34,-2.70805020110221
2024-11-04,0,11,68.19,68.24,65.2,66.32,66.32,55381082,93.408,19.691,68.328,75.714,68.704,72.308,31.861,69.154,71.674,-2.52,-2.224,71.102,77.501,64.703,-2.70805020110221
2024-11-05,1,11,66.3,68.25,65.53,67.37,67.37,45626050,94.887,20.003,68.209,75.533,68.461,72.114,30.876,68.88,71.355,-2.475,-2.274,70.788,77.277,64.299,-2.70805020110221
2024-11-06,2,11,68.0,69.85,67.42,69.32,69.32,50008246,97.634,20.582,68.256,75.37,68.617,72.004,40.77,68.947,71.205,-2.258,-2.271,70.42,76.307,64.533,-1.0986122886681096
2024-11-07,3,11,69.45,69.45,66.44,66.8,66.8,49354800,94.085,19.834,68.021,75.127,68.287,71.8,37.575,68.617,70.878,-2.261,-2.269,69.988,75.585,64.391,-1.0986122886681096
2024-11-08,4,11,66.59,66.59,61.84,62.5,62.5,86095752,88.028,18.557,67.524,74.837,67.235,71.436,33.361,67.676,70.258,-2.582,-2.332,69.393,75.522,63.264,-1.6094379124341005
2024-11-11,0,11,61.5,63.14,58.56,62.16,62.16,128104971,87.549,18.456,66.656,74.563,66.312,71.072,35.903,66.827,69.658,-2.831,-2.431,68.801,75.329,62.273,-1.488077055429833
2024-11-12,1,11,62.16,62.87,59.1,59.39,59.39,67563924,83.648,17.634,65.708,74.275,65.053,70.614,31.215,65.683,68.897,-3.214,-2.588,68.085,75.435,60.735,-1.6094379124341005
2024-11-13,2,11,58.0,59.28,53.45,54.03,54.03,194511406,76.099,16.042,64.298,73.866,63.049,69.963,25.0,63.89,67.796,-3.906,-2.852,67.034,76.02,58.048,-1.1700712526502546
2024-11-14,3,11,54.03,56.73,53.65,56.73,56.73,56957801,79.901,16.844,63.276,73.517,61.9,69.444,32.821,62.789,66.976,-4.187,-3.119,66.22,75.853,56.587,-2.70805020110221
2024-11-18,0,11,59.45,59.56,56.8,59.26,59.26,119110598,83.465,17.595,62.388,73.182,61.42,69.045,30.966,62.246,66.405,-4.159,-3.327,65.574,75.255,55.893,-2.3353749158170367
2024-11-19,1,11,60.5,62.22,59.42,62.22,62.22,74476083,87.634,18.474,61.978,72.932,61.566,68.777,39.414,62.242,66.095,-3.853,-3.432,65.153,74.638,55.668,-2.70805020110221
