Date,Close,sma_14,ema_14,rsi_14,macd,close_lag1,close_lag2,close_lag3,close_lag4,close_lag5,close_lag6,close_lag7,target_day_1,target_day_2,target_day_3,target_day_4,target_day_5,target_day_6,target_day_7,avg_next_7_days,trend
2024-07-22,251.50999450683594,249.6142839704241,241.43925593650943,64.68660693681429,-2.406643504097545,239.1999969482422,249.22999572753906,248.5,256.55999755859375,252.63999938964844,248.22999572753906,241.02999877929688,246.3800048828125,215.99000549316406,220.25,219.8000030517578,232.10000610351562,222.6199951171875,232.07000732421875,227.0300031389509,SELL
2024-07-23,246.3800048828125,250.6942847115653,242.0980224626832,60.984685473258885,-2.7132712879973617,251.50999450683594,239.1999969482422,249.22999572753906,248.5,256.55999755859375,252.63999938964844,248.22999572753906,215.99000549316406,220.25,219.8000030517578,232.10000610351562,222.6199951171875,232.07000732421875,216.86000061035156,222.81285967145647,SELL
2024-07-24,215.99000549316406,248.52285657610213,238.61695353341398,44.67415559551123,-4.865216142656745,246.3800048828125,251.50999450683594,239.1999969482422,249.22999572753906,248.5,256.55999755859375,252.63999938964844,220.25,219.8000030517578,232.10000610351562,222.6199951171875,232.07000732421875,216.86000061035156,207.6699981689453,221.62428719656808,BUY
2024-07-25,220.25,246.2892848423549,236.16802639562547,46.82123715802589,-5.83859100884324,215.99000549316406,246.3800048828125,251.50999450683594,239.1999969482422,249.22999572753906,248.5,256.55999755859375,219.8000030517578,232.10000610351562,222.6199951171875,232.07000732421875,216.86000061035156,207.6699981689453,198.8800048828125,218.57143075125558,HOLD
2024-07-26,219.8000030517578,243.9221420288086,233.98562328310982,46.615441830908054,-6.309508441368225,220.25,215.99000549316406,246.3800048828125,251.50999450683594,239.1999969482422,249.22999572753906,248.5,232.10000610351562,222.6199951171875,232.07000732421875,216.86000061035156,207.6699981689453,198.8800048828125,200.63999938964844,215.83428737095423,HOLD
2024-07-29,232.10000610351562,241.76285770961218,233.73420765916396,52.7311654795916,-5.612753159029674,219.8000030517578,220.25,215.99000549316406,246.3800048828125,251.50999450683594,239.1999969482422,249.22999572753906,222.6199951171875,232.07000732421875,216.86000061035156,207.6699981689453,198.8800048828125,200.63999938964844,191.75999450683594,210.07142857142858,SELL
2024-07-30,222.6199951171875,238.85999952043807,232.2523126535671,48.15249586103184,-5.597805317861965,232.10000610351562,219.8000030517578,220.25,215.99000549316406,246.3800048828125,251.50999450683594,239.1999969482422,232.07000732421875,216.86000061035156,207.6699981689453,198.8800048828125,200.63999938964844,191.75999450683594,198.83999633789062,206.67428588867188,SELL
2024-07-31,232.07000732421875,238.22000013078963,232.22800527632063,52.573316594488645,-4.790156375695753,222.6199951171875,232.10000610351562,219.8000030517578,220.25,215.99000549316406,246.3800048828125,251.50999450683594,216.86000061035156,207.6699981689453,198.8800048828125,200.63999938964844,191.75999450683594,198.83999633789062,200.0,202.09285627092635,SELL
2024-08-01,216.86000061035156,235.97928619384766,230.17893798752476,45.8037915589848,-5.090823094622859,232.07000732421875,222.6199951171875,232.10000610351562,219.8000030517578,220.25,215.99000549316406,246.3800048828125,207.6699981689453,198.8800048828125,200.63999938964844,191.75999450683594,198.83999633789062,200.0,197.49000549316406,199.32571411132812,SELL
2024-08-02,207.6699981689453,232.76714324951172,227.17774601171416,42.26282179592607,-5.674613527605399,216.86000061035156,232.07000732421875,222.6199951171875,232.10000610351562,219.8000030517578,220.25,215.99000549316406,198.8800048828125,200.63999938964844,191.75999450683594,198.83999633789062,200.0,197.49000549316406,207.8300018310547,199.34857177734375,SELL
2024-08-05,198.8800048828125,228.6471437726702,223.40471386119395,39.14564229308219,-6.366795918494197,207.6699981689453,216.86000061035156,232.07000732421875,222.6199951171875,232.10000610351562,219.8000030517578,220.25,200.63999938964844,191.75999450683594,198.83999633789062,200.0,197.49000549316406,207.8300018310547,201.3800048828125,199.7057146344866,HOLD
2024-08-06,200.63999938964844,225.22857230050224,220.36941859832123,40.09832814858587,-6.402844153969152,198.8800048828125,207.6699981689453,216.86000061035156,232.07000732421875,222.6199951171875,232.10000610351562,219.8000030517578,191.75999450683594,198.83999633789062,200.0,197.49000549316406,207.8300018310547,201.3800048828125,214.13999938964844,201.63428606305803,HOLD
2024-08-07,191.75999450683594,221.12357221330916,216.55482871945654,36.9548125905051,-6.690177031270727,200.63999938964844,198.8800048828125,207.6699981689453,216.86000061035156,232.07000732421875,222.6199951171875,232.10000610351562,198.83999633789062,200.0,197.49000549316406,207.8300018310547,201.3800048828125,214.13999938964844,216.1199951171875,205.1142861502511,BUY
2024-08-08,198.83999633789062,218.24071502685547,214.1928510685811,40.93088823003282,-6.086169179922369,191.75999450683594,200.63999938964844,198.8800048828125,207.6699981689453,216.86000061035156,232.07000732421875,222.6199951171875,200.0,197.49000549316406,207.8300018310547,201.3800048828125,214.13999938964844,216.1199951171875,222.72000122070312,208.52571541922433,BUY
2024-08-09,200.0,214.5614297049386,212.3004709261036,41.58096959353561,-5.31907815991954,198.83999633789062,191.75999450683594,200.63999938964844,198.8800048828125,207.6699981689453,216.86000061035156,232.07000732421875,197.49000549316406,207.8300018310547,201.3800048828125,214.13999938964844,216.1199951171875,222.72000122070312,221.10000610351562,211.54000200544084,BUY
2024-08-12,197.49000549316406,211.0692868913923,210.32574220171168,40.54128203295605,-4.71206940236825,200.0,198.83999633789062,191.75999450683594,200.63999938964844,198.8800048828125,207.6699981689453,216.86000061035156,207.8300018310547,201.3800048828125,214.13999938964844,216.1199951171875,222.72000122070312,221.10000610351562,223.27000427246094,215.22285897391183,BUY
2024-08-13,207.8300018310547,210.48642948695593,209.9929768189574,46.47832546303463,-3.406421352607611,197.49000549316406,200.0,198.83999633789062,191.75999450683594,200.63999938964844,198.8800048828125,207.6699981689453,201.3800048828125,214.13999938964844,216.1199951171875,222.72000122070312,221.10000610351562,223.27000427246094,210.66000366210938,215.62714494977678,BUY
2024-08-14,201.3800048828125,209.1385726928711,208.84458056080476,43.556643761398796,-2.7950581813564344,207.8300018310547,197.49000549316406,200.0,198.83999633789062,191.75999450683594,200.63999938964844,198.8800048828125,214.13999938964844,216.1199951171875,222.72000122070312,221.10000610351562,223.27000427246094,210.66000366210938,220.32000732421875,218.3328595842634,BUY
2024-08-15,214.13999938964844,208.73428671700614,209.5506364046506,50.22297685515278,-1.4186007094906667,201.3800048828125,207.8300018310547,197.49000549316406,200.0,198.83999633789062,191.75999450683594,200.63999938964844,216.1199951171875,222.72000122070312,221.10000610351562,223.27000427246094,210.66000366210938,220.32000732421875,213.2100067138672,218.20000348772322,HOLD
2024-08-16,216.1199951171875,207.59285736083984,210.42655089965552,51.186392150840234,-0.3194741875843574,214.13999938964844,201.3800048828125,207.8300018310547,197.49000549316406,200.0,198.83999633789062,191.75999450683594,222.72000122070312,221.10000610351562,223.27000427246094,210.66000366210938,220.32000732421875,213.2100067138672,209.2100067138672,217.2128622872489,HOLD
2024-08-19,222.72000122070312,207.60000065394811,212.06567760912853,54.35755322381457,0.8437750544865974,216.1199951171875,214.13999938964844,201.3800048828125,207.8300018310547,197.49000549316406,200.0,198.83999633789062,221.10000610351562,223.27000427246094,210.66000366210938,220.32000732421875,213.2100067138672,209.2100067138672,205.75,214.78857639857702,SELL
2024-08-20,221.10000610351562,206.8164291381836,213.2702547417135,53.439861594563176,1.4597313193346726,222.72000122070312,216.1199951171875,214.13999938964844,201.3800048828125,207.8300018310547,197.49000549316406,200.0,223.27000427246094,210.66000366210938,220.32000732421875,213.2100067138672,209.2100067138672,205.75,206.27999877929688,212.6714324951172,SELL
2024-08-21,223.27000427246094,207.27428654262,214.6035546791465,54.54682046328619,1.938906998119109,221.10000610351562,222.72000122070312,216.1199951171875,214.13999938964844,201.3800048828125,207.8300018310547,197.49000549316406,210.66000366210938,220.32000732421875,213.2100067138672,209.2100067138672,205.75,206.27999877929688,214.11000061035156,211.36286054338728,SELL
2024-08-22,210.66000366210938,207.48785836356026,214.07774787687487,47.48220505426565,1.3595879199851204,223.27000427246094,221.10000610351562,222.72000122070312,216.1199951171875,214.13999938964844,201.3800048828125,207.8300018310547,220.32000732421875,213.2100067138672,209.2100067138672,205.75,206.27999877929688,214.11000061035156,210.60000610351562,211.35428946358817,HOLD
2024-08-23,220.32000732421875,209.019287109375,214.9100491365207,52.55193110280617,1.565314568012778,210.66000366210938,223.27000427246094,221.10000610351562,222.72000122070312,216.1199951171875,214.13999938964844,201.3800048828125,213.2100067138672,209.2100067138672,205.75,206.27999877929688,214.11000061035156,210.60000610351562,219.41000366210938,211.2242889404297,SELL
2024-08-26,213.2100067138672,209.91714477539062,214.68337681350025,48.81665222432928,1.1785179740869787,220.32000732421875,210.66000366210938,223.27000427246094,221.10000610351562,222.72000122070312,216.1199951171875,214.13999938964844,209.2100067138672,205.75,206.27999877929688,214.11000061035156,210.60000610351562,219.41000366210938,230.1699981689453,213.6471448625837,HOLD
2024-08-27,209.2100067138672,211.16357421875,213.9535941335492,46.80122727232661,0.6364027003636177,213.2100067138672,220.32000732421875,210.66000366210938,223.27000427246094,221.10000610351562,222.72000122070312,216.1199951171875,205.75,206.27999877929688,214.11000061035156,210.60000610351562,219.41000366210938,230.1699981689453,210.72999572753906,213.8642861502511,BUY
2024-08-28,205.75,211.65714590890067,212.8597815824093,45.06794987217278,0.058365885130706285,209.2100067138672,213.2100067138672,220.32000732421875,210.66000366210938,223.27000427246094,221.10000610351562,222.72000122070312,206.27999877929688,214.11000061035156,210.60000610351562,219.41000366210938,230.1699981689453,210.72999572753906,216.27000427246094,215.36714390345983,BUY
2024-08-29,206.27999877929688,212.105717250279,211.98247720866098,45.40150995728248,-0.2573844098544942,205.75,209.2100067138672,213.2100067138672,220.32000732421875,210.66000366210938,223.27000427246094,221.10000610351562,214.11000061035156,210.60000610351562,219.41000366210938,230.1699981689453,210.72999572753906,216.27000427246094,226.1699981689453,218.2085723876953,BUY
2024-08-30,214.11000061035156,213.29285975864954,212.26614699555307,50.21154858888466,0.07426932869159475,206.27999877929688,205.75,209.2100067138672,213.2100067138672,220.32000732421875,210.66000366210938,223.27000427246094,210.60000610351562,219.41000366210938,230.1699981689453,210.72999572753906,216.27000427246094,226.1699981689453,228.1300048828125,220.211430140904,BUY
2024-09-03,210.60000610351562,213.4907172066825,212.04399487661476,48.163160839915776,0.07045618734009262,214.11000061035156,206.27999877929688,205.75,209.2100067138672,213.2100067138672,220.32000732421875,210.66000366210938,219.41000366210938,230.1699981689453,210.72999572753906,216.27000427246094,226.1699981689453,228.1300048828125,229.80999755859375,222.9557146344866,BUY
2024-09-04,219.41000366210938,214.77857426234655,213.0261293813474,53.31155723359912,0.6426513238778917,210.60000610351562,214.11000061035156,206.27999877929688,205.75,209.2100067138672,213.2100067138672,220.32000732421875,230.1699981689453,210.72999572753906,216.27000427246094,226.1699981689453,228.1300048828125,229.80999755859375,230.2899932861328,224.50999886648995,BUY
2024-09-05,230.1699981689453,215.92357417515345,215.31197855302713,58.705942590290555,1.6688613926232672,219.41000366210938,210.60000610351562,214.11000061035156,206.27999877929688,205.75,209.2100067138672,213.2100067138672,210.72999572753906,216.27000427246094,226.1699981689453,228.1300048828125,229.80999755859375,230.2899932861328,226.77999877929688,224.02571323939733,SELL
2024-09-06,210.72999572753906,215.53857421875,214.70104750962875,47.93093815989769,0.9947466723830163,230.1699981689453,219.41000366210938,210.60000610351562,214.11000061035156,206.27999877929688,205.75,209.2100067138672,216.27000427246094,226.1699981689453,228.1300048828125,229.80999755859375,230.2899932861328,226.77999877929688,227.8699951171875,226.47428458077567,BUY
2024-09-09,216.27000427246094,215.07786015101843,214.91024174467304,50.707546538123395,0.8821382371325515,210.72999572753906,230.1699981689453,219.41000366210938,210.60000610351562,214.11000061035156,206.27999877929688,205.75,226.1699981689453,228.1300048828125,229.80999755859375,230.2899932861328,226.77999877929688,227.8699951171875,227.1999969482422,228.03571210588728,BUY
2024-09-10,226.1699981689453,215.44000244140625,216.41154260124267,55.295272847132175,1.4036076913170066,216.27000427246094,210.72999572753906,230.1699981689453,219.41000366210938,210.60000610351562,214.11000061035156,206.27999877929688,228.1300048828125,229.80999755859375,230.2899932861328,226.77999877929688,227.8699951171875,227.1999969482422,243.9199981689453,230.57142639160156,HOLD
2024-09-11,228.1300048828125,215.78714534214564,217.97400423878534,56.165122469320366,1.7852580534074833,226.1699981689453,216.27000427246094,210.72999572753906,230.1699981689453,219.41000366210938,210.60000610351562,214.11000061035156,229.80999755859375,230.2899932861328,226.77999877929688,227.8699951171875,227.1999969482422,243.9199981689453,238.25,232.0171399797712,HOLD
2024-09-12,229.80999755859375,217.1550020490374,219.55213668142648,56.938539968531146,2.037326968720204,228.1300048828125,226.1699981689453,216.27000427246094,210.72999572753906,230.1699981689453,219.41000366210938,210.60000610351562,230.2899932861328,226.77999877929688,227.8699951171875,227.1999969482422,243.9199981689453,238.25,250.0,234.90142604282923,BUY
2024-09-13,230.2899932861328,217.86714390345983,220.98385089538732,57.17105244715206,2.1137383924418565,229.80999755859375,228.1300048828125,226.1699981689453,216.27000427246094,210.72999572753906,230.1699981689453,219.41000366210938,226.77999877929688,227.8699951171875,227.1999969482422,243.9199981689453,238.25,250.0,254.27000427246094,238.32714189801897,BUY
2024-09-16,226.77999877929688,218.83642905099052,221.75667061324194,54.83919326330331,1.8165959976151924,230.2899932861328,229.80999755859375,228.1300048828125,226.1699981689453,216.27000427246094,210.72999572753906,230.1699981689453,227.8699951171875,227.1999969482422,243.9199981689453,238.25,250.0,254.27000427246094,257.0199890136719,242.6471405029297,BUY
2024-09-17,227.8699951171875,220.1692853655134,222.57178054710135,55.446918354826366,1.590314281158769,226.77999877929688,230.2899932861328,229.80999755859375,228.1300048828125,226.1699981689453,216.27000427246094,210.72999572753906,227.1999969482422,243.9199981689453,238.25,250.0,254.27000427246094,257.0199890136719,254.22000122070312,246.4114270891462,BUY
2024-09-18,227.1999969482422,221.70142800467355,223.1888760672535,54.95735985224943,1.304365340902348,227.8699951171875,226.77999877929688,230.2899932861328,229.80999755859375,228.1300048828125,226.1699981689453,216.27000427246094,243.9199981689453,238.25,250.0,254.27000427246094,257.0199890136719,254.22000122070312,260.4599914550781,251.16285487583704,BUY
2024-09-19,243.9199981689453,224.38999938964844,225.9530256808124,63.59565080594668,2.1028242790508647,227.1999969482422,227.8699951171875,226.77999877929688,230.2899932861328,229.80999755859375,228.1300048828125,226.1699981689453,238.25,250.0,254.27000427246094,257.0199890136719,254.22000122070312,260.4599914550781,261.6300048828125,253.69285583496094,BUY
2024-09-20,238.25,226.1142850603376,227.5926222567041,59.433063072481204,2.1054423141674192,243.9199981689453,227.1999969482422,227.8699951171875,226.77999877929688,230.2899932861328,229.80999755859375,228.1300048828125,250.0,254.27000427246094,257.0199890136719,254.22000122070312,260.4599914550781,261.6300048828125,258.0199890136719,256.51713997977123,BUY
2024-09-23,250.0,228.92857033865792,230.58027262247688,64.60359029192125,2.71601030546592,238.25,243.9199981689453,227.1999969482422,227.8699951171875,226.77999877929688,230.2899932861328,229.80999755859375,254.27000427246094,257.0199890136719,254.22000122070312,260.4599914550781,261.6300048828125,258.0199890136719,249.02000427246094,256.3771405901228,BUY
2024-09-24,254.27000427246094,231.41857038225447,233.73890350914144,66.28532215423633,3.1920763787555453,250.0,238.25,243.9199981689453,227.1999969482422,227.8699951171875,226.77999877929688,230.2899932861328,257.0199890136719,254.22000122070312,260.4599914550781,261.6300048828125,258.0199890136719,249.02000427246094,240.66000366210938,254.43285478864397,HOLD
2024-09-25,257.0199890136719,233.3364268711635,236.84304824307884,67.36085330440682,3.454603602149212,254.27000427246094,250.0,238.25,243.9199981689453,227.1999969482422,227.8699951171875,226.77999877929688,254.22000122070312,260.4599914550781,261.6300048828125,258.0199890136719,249.02000427246094,240.66000366210938,250.0800018310547,253.4414280482701,HOLD
2024-09-26,254.22000122070312,236.44285583496094,239.15997530676208,65.08423450650443,3.2074666787198156,257.0199890136719,254.27000427246094,250.0,238.25,243.9199981689453,227.1999969482422,227.8699951171875,260.4599914550781,261.6300048828125,258.0199890136719,249.02000427246094,240.66000366210938,250.0800018310547,240.8300018310547,251.52857099260603,HOLD
2024-09-27,260.4599914550781,239.59928349086218,241.99997745987088,67.70389684447483,3.2234372811010896,254.22000122070312,257.0199890136719,254.27000427246094,250.0,238.25,243.9199981689453,227.1999969482422,261.6300048828125,258.0199890136719,249.02000427246094,240.66000366210938,250.0800018310547,240.8300018310547,244.5,249.24857221330916,SELL
2024-09-30,261.6300048828125,242.13214111328125,244.61731444959645,68.18588374111377,3.0725804370461827,260.4599914550781,254.22000122070312,257.0199890136719,254.27000427246094,250.0,238.25,243.9199981689453,258.0199890136719,249.02000427246094,240.66000366210938,250.0800018310547,240.8300018310547,244.5,241.0500030517578,246.3085719517299,SELL
2024-10-01,258.0199890136719,244.2671399797712,246.4043377248065,64.9643466812797,2.51301421155258,261.6300048828125,260.4599914550781,254.22000122070312,257.0199890136719,254.27000427246094,250.0,238.25,249.02000427246094,240.66000366210938,250.0800018310547,240.8300018310547,244.5,241.0500030517578,238.77000427246094,243.55857413155692,SELL
2024-10-02,249.02000427246094,245.639283316476,246.75309326449377,57.65134837584391,1.3769073607853155,258.0199890136719,261.6300048828125,260.4599914550781,254.22000122070312,257.0199890136719,254.27000427246094,250.0,240.66000366210938,250.0800018310547,240.8300018310547,244.5,241.0500030517578,238.77000427246094,217.8000030517578,239.09857395717077,SELL
2024-10-03,240.66000366210938,246.37999834333147,245.9406813175092,51.816401986548364,-0.023303344293795547,249.02000427246094,258.0199890136719,261.6300048828125,260.4599914550781,254.22000122070312,257.0199890136719,254.27000427246094,250.0800018310547,240.8300018310547,244.5,241.0500030517578,238.77000427246094,217.8000030517578,219.16000366210938,236.0271453857422,HOLD
2024-10-04,250.0800018310547,248.0442842755999,246.49259071931527,57.08684410215208,-0.380916772003868,240.66000366210938,249.02000427246094,258.0199890136719,261.6300048828125,260.4599914550781,254.22000122070312,257.0199890136719,240.8300018310547,244.5,241.0500030517578,238.77000427246094,217.8000030517578,219.16000366210938,219.57000732421875,231.6685747419085,SELL
2024-10-07,240.8300018310547,248.9699990408761,245.7375788675472,51.168183724667486,-1.25691121816328,250.0800018310547,240.66000366210938,249.02000427246094,258.0199890136719,261.6300048828125,260.4599914550781,254.22000122070312,244.5,241.0500030517578,238.77000427246094,217.8000030517578,219.16000366210938,219.57000732421875,221.3300018310547,228.8828604561942,SELL
2024-10-08,244.5,250.20571354457311,245.57256835187425,53.23963204832393,-1.5845069130139322,240.8300018310547,250.0800018310547,240.66000366210938,249.02000427246094,258.0199890136719,261.6300048828125,260.4599914550781,241.0500030517578,238.77000427246094,217.8000030517578,219.16000366210938,219.57000732421875,221.3300018310547,220.88999938964844,225.51000322614397,SELL
2024-10-09,241.0500030517578,250.00071389334542,244.96955964519208,51.04741995593399,-2.0019738301477847,244.5,240.8300018310547,250.0800018310547,240.66000366210938,249.02000427246094,258.0199890136719,261.6300048828125,238.77000427246094,217.8000030517578,219.16000366210938,219.57000732421875,221.3300018310547,220.88999938964844,220.6999969482422,222.6028594970703,SELL
2024-10-10,238.77000427246094,250.03785705566406,244.14295226216126,49.59404509718986,-2.3746565295566793,241.0500030517578,244.5,240.8300018310547,250.0800018310547,240.66000366210938,249.02000427246094,258.0199890136719,217.8000030517578,219.16000366210938,219.57000732421875,221.3300018310547,220.88999938964844,220.6999969482422,218.85000610351562,219.75714547293526,SELL
2024-10-11,217.8000030517578,247.73785727364677,240.63055903410748,38.68483864194105,-3.887072675960569,238.77000427246094,241.0500030517578,244.5,240.8300018310547,250.0800018310547,240.66000366210938,249.02000427246094,219.16000366210938,219.57000732421875,221.3300018310547,220.88999938964844,220.6999969482422,218.85000610351562,217.97000122070312,219.78143092564173,HOLD
2024-10-14,219.16000366210938,245.23000008719308,237.7678183178411,39.61259791823119,-4.600660338286606,217.8000030517578,238.77000427246094,241.0500030517578,244.5,240.8300018310547,250.0800018310547,240.66000366210938,219.57000732421875,221.3300018310547,220.88999938964844,220.6999969482422,218.85000610351562,217.97000122070312,213.64999389648438,218.9942866734096,HOLD
2024-10-15,219.57000732421875,242.55500139508928,235.34144351869145,39.90779961713851,-4.826291088607165,219.16000366210938,217.8000030517578,238.77000427246094,241.0500030517578,244.5,240.8300018310547,250.0800018310547,221.3300018310547,220.88999938964844,220.6999969482422,218.85000610351562,217.97000122070312,213.64999389648438,260.4800109863281,224.8385729108538,BUY
2024-10-16,221.3300018310547,240.2057157244001,233.47325129367323,41.23578622718395,-4.6370986074751395,219.57000732421875,219.16000366210938,217.8000030517578,238.77000427246094,241.0500030517578,244.5,240.8300018310547,220.88999938964844,220.6999969482422,218.85000610351562,217.97000122070312,213.64999389648438,260.4800109863281,269.19000244140625,231.67571585518974,BUY
2024-10-17,220.88999938964844,237.37928771972656,231.79548437313662,40.99189172673898,-4.327650523744524,221.3300018310547,219.57000732421875,219.16000366210938,217.8000030517578,238.77000427246094,241.0500030517578,244.5,220.6999969482422,218.85000610351562,217.97000122070312,213.64999389648438,260.4800109863281,269.19000244140625,262.510009765625,237.6214316231864,BUY
2024-10-18,220.6999969482422,234.4557157244001,230.31608604981736,40.879451537722865,-3.933232331039381,220.88999938964844,221.3300018310547,219.57000732421875,219.16000366210938,217.8000030517578,238.77000427246094,241.0500030517578,218.85000610351562,217.97000122070312,213.64999389648438,260.4800109863281,269.19000244140625,262.510009765625,259.5199890136719,243.16714477539062,BUY
2024-10-21,218.85000610351562,231.6578598022461,228.78727539031047,39.73654992753532,-3.6032045233511694,220.6999969482422,220.88999938964844,221.3300018310547,219.57000732421875,219.16000366210938,217.8000030517578,238.77000427246094,217.97000122070312,213.64999389648438,260.4800109863281,269.19000244140625,262.510009765625,259.5199890136719,257.54998779296875,248.69571358816964,BUY
2024-10-22,217.97000122070312,229.44000244140625,227.34497216769617,39.17547833808534,-3.260721294579255,218.85000610351562,220.6999969482422,220.88999938964844,221.3300018310547,219.57000732421875,219.16000366210938,217.8000030517578,213.64999389648438,260.4800109863281,269.19000244140625,262.510009765625,259.5199890136719,257.54998779296875,249.85000610351562,253.25,BUY
2024-10-23,213.64999389648438,227.5107160295759,225.51897506486793,36.454276889929226,-3.1404858618838145,217.97000122070312,218.85000610351562,220.6999969482422,220.88999938964844,221.3300018310547,219.57000732421875,219.16000366210938,260.4800109863281,269.19000244140625,262.510009765625,259.5199890136719,257.54998779296875,249.85000610351562,248.97999572753906,258.2971431187221,BUY
2024-10-24,260.4800109863281,228.25357382638114,230.18044652106263,64.90944439962209,0.10557888268084792,213.64999389648438,217.97000122070312,218.85000610351562,220.6999969482422,220.88999938964844,221.3300018310547,219.57000732421875,269.19000244140625,262.510009765625,259.5199890136719,257.54998779296875,249.85000610351562,248.97999572753906,242.83999633789062,255.77714102608817,HOLD
2024-10-25,269.19000244140625,230.27928815569197,235.3817206437751,67.79772553558033,2.707717188460199,260.4800109863281,213.64999389648438,217.97000122070312,218.85000610351562,220.6999969482422,220.88999938964844,221.3300018310547,262.510009765625,259.5199890136719,257.54998779296875,249.85000610351562,248.97999572753906,242.83999633789062,251.44000244140625,253.2414267403739,SELL
2024-10-28,262.510009765625,231.56571742466517,238.99882586002178,63.48210287870477,3.7815222189086555,269.19000244140625,260.4800109863281,213.64999389648438,217.97000122070312,218.85000610351562,220.6999969482422,220.88999938964844,259.5199890136719,257.54998779296875,249.85000610351562,248.97999572753906,242.83999633789062,251.44000244140625,288.5299987792969,256.95856802804127,SELL
2024-10-29,259.5199890136719,232.88500213623047,241.73498094717513,61.592210682451416,4.067973460712023,262.510009765625,269.19000244140625,260.4800109863281,213.64999389648438,217.97000122070312,218.85000610351562,220.6999969482422,257.54998779296875,249.85000610351562,248.97999572753906,242.83999633789062,251.44000244140625,288.5299987792969,296.9100036621094,262.29999869210377,HOLD
2024-10-30,257.54998779296875,234.22642953055245,243.8436485266143,60.31809080820078,3.901733883086158,259.5199890136719,262.510009765625,269.19000244140625,260.4800109863281,213.64999389648438,217.97000122070312,218.85000610351562,249.85000610351562,248.97999572753906,242.83999633789062,251.44000244140625,288.5299987792969,296.9100036621094,321.2200012207031,271.39571489606584,BUY
2024-10-31,249.85000610351562,236.51571546282088,244.64449620353446,55.48660681003203,3.085904215281987,257.54998779296875,259.5199890136719,262.510009765625,269.19000244140625,260.4800109863281,213.64999389648438,217.97000122070312,248.97999572753906,242.83999633789062,251.44000244140625,288.5299987792969,296.9100036621094,321.2200012207031,350.0,285.7028568812779,BUY
2024-11-01,248.97999572753906,238.64571489606584,245.22256280673508,54.951022116557056,2.334530616133101,249.85000610351562,257.54998779296875,259.5199890136719,262.510009765625,269.19000244140625,260.4800109863281,213.64999389648438,242.83999633789062,251.44000244140625,288.5299987792969,296.9100036621094,321.2200012207031,350.0,328.489990234375,297.0614275251116,BUY
2024-11-04,242.83999633789062,240.307856968471,244.90488727755582,51.19525802756283,1.3213058230508126,248.97999572753906,249.85000610351562,257.54998779296875,259.5199890136719,262.510009765625,269.19000244140625,260.4800109863281,251.44000244140625,288.5299987792969,296.9100036621094,321.2200012207031,350.0,328.489990234375,330.239990234375,309.5471409388951,BUY
2024-11-05,251.44000244140625,242.45857129778182,245.77623596606924,55.75653816701214,1.1347338844294241,242.83999633789062,248.97999572753906,249.85000610351562,257.54998779296875,259.5199890136719,262.510009765625,269.19000244140625,288.5299987792969,296.9100036621094,321.2200012207031,350.0,328.489990234375,330.239990234375,311.17999267578125,318.08142525809154,BUY
2024-11-06,288.5299987792969,247.28999982561385,251.4767376744996,69.14848969498064,3.2916506802652865,251.44000244140625,242.83999633789062,248.97999572753906,249.85000610351562,257.54998779296875,259.5199890136719,262.510009765625,296.9100036621094,321.2200012207031,350.0,328.489990234375,330.239990234375,311.17999267578125,320.7200012207031,322.6799970354353,BUY
2024-11-07,296.9100036621094,252.7335717337472,257.53450647284757,71.26480821439837,4.964644750742895,288.5299987792969,251.44000244140625,242.83999633789062,248.97999572753906,249.85000610351562,257.54998779296875,259.5199890136719,321.2200012207031,350.0,328.489990234375,330.239990234375,311.17999267578125,320.7200012207031,338.739990234375,328.6557094029018,BUY
2024-11-08,321.2200012207031,260.04571424211775,266.02590577256166,76.33607742277681,7.251923806010554,296.9100036621094,288.5299987792969,251.44000244140625,242.83999633789062,248.97999572753906,249.85000610351562,257.54998779296875,350.0,328.489990234375,330.239990234375,311.17999267578125,320.7200012207031,338.739990234375,346.0,332.1957092285156,BUY
2024-11-11,350.0,269.4764284406389,277.22245166955344,80.68259867510413,10.073058275340351,321.2200012207031,296.9100036621094,288.5299987792969,251.44000244140625,242.83999633789062,248.97999572753906,249.85000610351562,328.489990234375,330.239990234375,311.17999267578125,320.7200012207031,338.739990234375,346.0,342.0299987792969,331.057137625558,SELL
2024-11-12,328.489990234375,277.67928532191684,284.0581234781963,70.29085517404624,9.84856504903335,350.0,321.2200012207031,296.9100036621094,288.5299987792969,251.44000244140625,242.83999633789062,248.97999572753906,330.239990234375,311.17999267578125,320.7200012207031,338.739990234375,346.0,342.0299987792969,339.6400146484375,332.6499982561384,HOLD
2024-11-13,330.239990234375,282.6621409824916,290.2157057123535,70.62237337133261,9.188852304306813,328.489990234375,350.0,321.2200012207031,296.9100036621094,288.5299987792969,251.44000244140625,242.83999633789062,311.17999267578125,320.7200012207031,338.739990234375,346.0,342.0299987792969,339.6400146484375,352.55999755859375,335.8385707310268,HOLD
2024-11-14,311.17999267578125,285.6614259992327,293.01094397414386,62.4488194937761,6.941946947884347,330.239990234375,328.489990234375,350.0,321.2200012207031,296.9100036621094,288.5299987792969,251.44000244140625,320.7200012207031,338.739990234375,346.0,342.0299987792969,339.6400146484375,352.55999755859375,338.5899963378906,339.75428553989957,BUY
2024-11-15,320.7200012207031,289.8192825317383,296.70548494035177,64.6538822183928,5.627369976491728,311.17999267578125,330.239990234375,328.489990234375,350.0,321.2200012207031,296.9100036621094,288.5299987792969,338.739990234375,346.0,342.0299987792969,339.6400146484375,352.55999755859375,338.5899963378906,338.2300109863281,342.2557155064174,BUY
2024-11-18,338.739990234375,295.4778540475028,302.3100856462215,68.42547364029124,5.494417299968077,320.7200012207031,311.17999267578125,330.239990234375,328.489990234375,350.0,321.2200012207031,296.9100036621094,346.0,342.0299987792969,339.6400146484375,352.55999755859375,338.5899963378906,338.2300109863281,332.8900146484375,341.42000470842635,HOLD
2024-11-19,346.0,301.79571206229076,308.13540756005864,69.82258898742074,5.409853811829052,338.739990234375,320.7200012207031,311.17999267578125,330.239990234375,328.489990234375,350.0,321.2200012207031,342.0299987792969,339.6400146484375,352.55999755859375,338.5899963378906,338.2300109863281,332.8900146484375,345.1600036621094,341.3000052315848,HOLD
2024-11-20,342.0299987792969,308.37999725341797,312.6546863892904,68.04938880833575,4.631049470365667,346.0,338.739990234375,320.7200012207031,311.17999267578125,330.239990234375,328.489990234375,350.0,339.6400146484375,352.55999755859375,338.5899963378906,338.2300109863281,332.8900146484375,345.1600036621094,357.0899963378906,343.45143345424106,HOLD
2024-11-21,339.6400146484375,314.855712890625,316.2527301571767,66.94713183692991,3.548212523169422,342.0299987792969,346.0,338.739990234375,320.7200012207031,311.17999267578125,330.239990234375,328.489990234375,352.55999755859375,338.5899963378906,338.2300109863281,332.8900146484375,345.1600036621094,357.0899963378906,351.4200134277344,345.13429042271207,HOLD
2024-11-22,352.55999755859375,322.69285583496094,321.0936991440323,69.79541464666276,3.300537166478634,339.6400146484375,342.0299987792969,346.0,338.739990234375,320.7200012207031,311.17999267578125,330.239990234375,338.5899963378906,338.2300109863281,332.8900146484375,345.1600036621094,357.0899963378906,351.4200134277344,357.92999267578125,345.9014325823103,HOLD
2024-11-25,338.5899963378906,328.9178553989955,323.42653876988015,63.4305173643839,1.865729907251886,352.55999755859375,339.6400146484375,342.0299987792969,346.0,338.739990234375,320.7200012207031,311.17999267578125,338.2300109863281,332.8900146484375,345.1600036621094,357.0899963378906,351.4200134277344,357.92999267578125,369.489990234375,350.3157174246652,BUY
2024-11-26,338.2300109863281,332.46785627092635,325.4003350654066,63.270400101792944,0.6263733789504897,338.5899963378906,352.55999755859375,339.6400146484375,342.0299987792969,346.0,338.739990234375,320.7200012207031,332.8900146484375,345.1600036621094,357.0899963378906,351.4200134277344,357.92999267578125,369.489990234375,389.2200012207031,357.6000017438616,BUY
2024-11-27,332.8900146484375,335.03785705566406,326.3989590098107,60.817883157686225,-0.7447495991303441,338.2300109863281,338.5899963378906,352.55999755859375,339.6400146484375,342.0299987792969,346.0,338.739990234375,345.1600036621094,357.0899963378906,351.4200134277344,357.92999267578125,369.489990234375,389.2200012207031,389.7900085449219,365.7285723005022,BUY
2024-11-29,345.1600036621094,336.7478572300502,328.9004316301172,64.24721283134365,-1.001059143024591,332.8900146484375,338.2300109863281,338.5899963378906,352.55999755859375,339.6400146484375,342.0299987792969,346.0,357.0899963378906,351.4200134277344,357.92999267578125,369.489990234375,389.2200012207031,389.7900085449219,400.989990234375,373.70428466796875,BUY
2024-12-02,357.0899963378906,337.25428553989957,332.6590402578204,67.24866252487914,-0.5646052097838172,345.1600036621094,332.8900146484375,338.2300109863281,338.5899963378906,352.55999755859375,339.6400146484375,342.0299987792969,351.4200134277344,357.92999267578125,369.489990234375,389.2200012207031,389.7900085449219,400.989990234375,424.7699890136719,383.3728550502232,BUY
2024-12-03,351.4200134277344,338.8921443394252,335.16050334714225,64.47815078495458,-0.8387226621814321,357.0899963378906,345.1600036621094,332.8900146484375,338.2300109863281,338.5899963378906,352.55999755859375,339.6400146484375,357.92999267578125,369.489990234375,389.2200012207031,389.7900085449219,400.989990234375,424.7699890136719,418.1000061035156,392.8985682896205,BUY
2024-12-04,357.92999267578125,340.87000165666853,338.19643525762746,66.19992630327809,-0.7646344543022501,351.4200134277344,357.0899963378906,345.1600036621094,332.8900146484375,338.2300109863281,338.5899963378906,352.55999755859375,369.489990234375,389.2200012207031,389.7900085449219,400.989990234375,424.7699890136719,418.1000061035156,436.2300109863281,404.0842851911272,BUY
2024-12-05,369.489990234375,345.0350014822824,342.3689092545271,69.06716294068697,-0.1521583833017175,357.92999267578125,351.4200134277344,357.0899963378906,345.1600036621094,332.8900146484375,338.2300109863281,338.5899963378906,389.2200012207031,389.7900085449219,400.989990234375,424.7699890136719,418.1000061035156,436.2300109863281,463.0199890136719,417.44571358816967,BUY
2024-12-06,389.2200012207031,349.9278586251395,348.61572151668395,73.2396246429218,1.2873997323374908,369.489990234375,357.92999267578125,351.4200134277344,357.0899963378906,345.1600036621094,332.8900146484375,338.2300109863281,389.7900085449219,400.989990234375,424.7699890136719,418.1000061035156,436.2300109863281,463.0199890136719,479.8599853515625,430.39428274972096,BUY
2024-12-09,389.7900085449219,353.5742885044643,354.10562645378235,73.35146120244588,1.9442119182776167,389.2200012207031,369.489990234375,357.92999267578125,351.4200134277344,357.0899963378906,345.1600036621094,332.8900146484375,400.989990234375,424.7699890136719,418.1000061035156,436.2300109863281,463.0199890136719,479.8599853515625,440.1300048828125,437.58571079799106,BUY
2024-12-10,400.989990234375,357.5021449497768,360.3568749578614,75.51659607459985,2.7499318178689336,389.7900085449219,389.2200012207031,369.489990234375,357.92999267578125,351.4200134277344,357.0899963378906,345.1600036621094,424.7699890136719,418.1000061035156,436.2300109863281,463.0199890136719,479.8599853515625,440.1300048828125,436.1700134277344,442.6114283970424,BUY
2024-12-11,424.7699890136719,363.41214425223217,368.9452901653028,79.35242928694197,4.403306669622513,400.989990234375,389.7900085449219,389.2200012207031,369.489990234375,357.92999267578125,351.4200134277344,357.0899963378906,418.1000061035156,436.2300109863281,463.0199890136719,479.8599853515625,440.1300048828125,436.1700134277344,421.05999755859375,442.0814296177455,BUY
2024-12-12,418.1000061035156,369.01642935616627,375.4992522903979,75.766807466037,4.548019860475826,424.7699890136719,400.989990234375,389.7900085449219,389.2200012207031,369.489990234375,357.92999267578125,351.4200134277344,436.2300109863281,463.0199890136719,479.8599853515625,440.1300048828125,436.1700134277344,421.05999755859375,430.6000061035156,443.8671439034598,BUY
2024-12-13,436.2300109863281,374.99285888671875,383.5966867831886,78.59769541180037,5.311858471740361,418.1000061035156,424.7699890136719,400.989990234375,389.7900085449219,389.2200012207031,369.489990234375,357.92999267578125,463.0199890136719,479.8599853515625,440.1300048828125,436.1700134277344,421.05999755859375,430.6000061035156,462.2799987792969,447.5885707310268,BUY
2024-12-16,463.0199890136719,383.8807155064174,394.1864604139197,81.95263671697762,6.964263674752221,436.2300109863281,418.1000061035156,424.7699890136719,400.989990234375,389.7900085449219,389.2200012207031,369.489990234375,479.8599853515625,440.1300048828125,436.1700134277344,421.05999755859375,430.6000061035156,462.2799987792969,454.1300048828125,446.3185729980469,SELL
2024-12-17,479.8599853515625,393.99714224679127,405.6095970722721,83.68401513118212,8.436125839773894,463.0199890136719,436.2300109863281,418.1000061035156,424.7699890136719,400.989990234375,389.7900085449219,389.2200012207031,440.1300048828125,436.1700134277344,421.05999755859375,430.6000061035156,462.2799987792969,454.1300048828125,431.6600036621094,439.432861328125,SELL
2024-12-18,440.1300048828125,401.65714154924666,410.2123181136775,67.28379251225859,6.088278280194956,479.8599853515625,463.0199890136719,436.2300109863281,418.1000061035156,424.7699890136719,400.989990234375,389.7900085449219,436.1700134277344,421.05999755859375,430.6000061035156,462.2799987792969,454.1300048828125,431.6600036621094,417.4100036621094,436.18714686802457,HOLD
2024-12-19,436.1700134277344,408.1578565325056,413.6733441555518,65.89755666029012,3.73826942992153,440.1300048828125,479.8599853515625,463.0199890136719,436.2300109863281,418.1000061035156,424.7699890136719,400.989990234375,421.05999755859375,430.6000061035156,462.2799987792969,454.1300048828125,431.6600036621094,417.4100036621094,403.8399963378906,431.5685729980469,HOLD
2024-12-20,421.05999755859375,412.7271423339844,414.65823127595735,60.75407242080573,0.7900084898284376,436.1700134277344,440.1300048828125,479.8599853515625,463.0199890136719,436.2300109863281,418.1000061035156,424.7699890136719,430.6000061035156,462.2799987792969,454.1300048828125,431.6600036621094,417.4100036621094,403.8399963378906,379.2799987792969,425.6000017438616,HOLD
2024-12-23,430.6000061035156,418.3828560965402,416.78380125296513,62.73192357579491,-0.8073661778415513,421.05999755859375,436.1700134277344,440.1300048828125,479.8599853515625,463.0199890136719,436.2300109863281,418.1000061035156,462.2799987792969,454.1300048828125,431.6600036621094,417.4100036621094,403.8399963378906,379.2799987792969,410.44000244140625,422.7200012207031,HOLD
2024-12-24,462.2799987792969,425.836427961077,422.8499609231427,68.42296057029432,-0.05953226633280906,430.6000061035156,421.05999755859375,436.1700134277344,440.1300048828125,479.8599853515625,463.0199890136719,436.2300109863281,454.1300048828125,431.6600036621094,417.4100036621094,403.8399963378906,379.2799987792969,410.44000244140625,411.04998779296875,415.40142822265625,SELL
2024-12-26,454.1300048828125,431.88214329310824,427.02063345109866,65.645693981145,-0.42269074786711514,462.2799987792969,430.6000061035156,421.05999755859375,436.1700134277344,440.1300048828125,479.8599853515625,463.0199890136719,431.6600036621094,417.4100036621094,403.8399963378906,379.2799987792969,410.44000244140625,411.04998779296875,394.3599853515625,406.86285400390625,SELL
2024-12-27,431.6600036621094,434.913572038923,427.6392161459001,58.58521402146477,-2.3760663857360527,454.1300048828125,462.2799987792969,430.6000061035156,421.05999755859375,436.1700134277344,440.1300048828125,479.8599853515625,417.4100036621094,403.8399963378906,379.2799987792969,410.44000244140625,411.04998779296875,394.3599853515625,394.94000244140625,401.6171395438058,SELL
2024-12-30,417.4100036621094,436.8864288330078,426.2753211480613,54.5762846957392,-4.693763340426898,431.6600036621094,454.1300048828125,462.2799987792969,430.6000061035156,421.05999755859375,436.1700134277344,440.1300048828125,403.8399963378906,379.2799987792969,410.44000244140625,411.04998779296875,394.3599853515625,394.94000244140625,394.739990234375,398.3785661969866,SELL
2024-12-31,403.8399963378906,437.09000069754467,423.28394450670527,50.99747231424979,-7.064218754162383,417.4100036621094,431.6600036621094,454.1300048828125,462.2799987792969,430.6000061035156,421.05999755859375,436.1700134277344,379.2799987792969,410.44000244140625,411.04998779296875,394.3599853515625,394.94000244140625,394.739990234375,403.30999755859375,398.30285208565846,HOLD
2025-01-02,379.2799987792969,433.84071568080356,417.41675174305084,45.21810565137705,-10.028733676797415,403.8399963378906,417.4100036621094,431.6600036621094,454.1300048828125,462.2799987792969,430.6000061035156,421.05999755859375,410.44000244140625,411.04998779296875,394.3599853515625,394.94000244140625,394.739990234375,403.30999755859375,396.3599853515625,400.7428501674107,BUY
2025-01-03,410.44000244140625,433.29357256208147,416.4865185028316,52.56325078388128,-9.631411001416076,379.2799987792969,403.8399963378906,417.4100036621094,431.6600036621094,454.1300048828125,462.2799987792969,430.6000061035156,411.04998779296875,394.3599853515625,394.94000244140625,394.739990234375,403.30999755859375,396.3599853515625,428.2200012207031,403.28284999302457,HOLD
2025-01-06,411.04998779296875,431.49499947684154,415.7616477415166,52.69695927363202,-9.075460824662954,410.44000244140625,379.2799987792969,403.8399963378906,417.4100036621094,431.6600036621094,454.1300048828125,462.2799987792969,394.3599853515625,394.94000244140625,394.739990234375,403.30999755859375,396.3599853515625,428.2200012207031,413.82000732421875,403.6785670689174,HOLD
2025-01-07,394.3599853515625,426.59071350097656,412.9080927561894,48.655848184656634,-9.532589824129932,411.04998779296875,410.44000244140625,379.2799987792969,403.8399963378906,417.4100036621094,431.6600036621094,454.1300048828125,394.94000244140625,394.739990234375,403.30999755859375,396.3599853515625,428.2200012207031,413.82000732421875,426.5,408.2699977329799,BUY
2025-01-08,394.94000244140625,420.5250004359654,410.51234738088493,48.80278500687222,-9.476874766100973,394.3599853515625,411.04998779296875,410.44000244140625,379.2799987792969,403.8399963378906,417.4100036621094,431.6600036621094,394.739990234375,403.30999755859375,396.3599853515625,428.2200012207031,413.82000732421875,426.5,424.07000732421875,412.4314270019531,BUY
2025-01-10,394.739990234375,417.2828565325056,408.409366428017,48.75097384275683,-9.130819596549948,394.94000244140625,394.3599853515625,411.04998779296875,410.44000244140625,379.2799987792969,403.8399963378906,417.4100036621094,403.30999755859375,396.3599853515625,428.2200012207031,413.82000732421875,426.5,424.07000732421875,415.1099853515625,415.34142630440846,BUY
2025-01-13,403.30999755859375,414.9357125418527,407.7294505787605,51.14430772857386,-8.04043251078129,394.739990234375,394.94000244140625,394.3599853515625,411.04998779296875,410.44000244140625,379.2799987792969,403.8399963378906,396.3599853515625,428.2200012207031,413.82000732421875,426.5,424.07000732421875,415.1099853515625,412.3800048828125,416.6371416364397,BUY
2025-01-14,396.3599853515625,413.17142595563615,406.2135218818008,49.140099851014135,-7.512798109632756,403.30999755859375,394.739990234375,394.94000244140625,394.3599853515625,411.04998779296875,410.44000244140625,379.2799987792969,428.2200012207031,413.82000732421875,426.5,424.07000732421875,415.1099853515625,412.3800048828125,406.5799865722656,418.0971418108259,BUY
2025-01-15,428.2200012207031,413.00142560686385,409.1477191269878,57.38448552334776,-4.871657144961695,396.3599853515625,403.30999755859375,394.739990234375,394.94000244140625,394.3599853515625,411.04998779296875,410.44000244140625,413.82000732421875,426.5,424.07000732421875,415.1099853515625,412.3800048828125,406.5799865722656,397.1499938964844,413.6585693359375,SELL
2025-01-16,413.82000732421875,409.53999764578685,409.7706908866186,53.187894933529094,-3.985366444703807,428.2200012207031,396.3599853515625,403.30999755859375,394.739990234375,394.94000244140625,394.3599853515625,411.04998779296875,426.5,424.07000732421875,415.1099853515625,412.3800048828125,406.5799865722656,397.1499938964844,398.0899963378906,411.4114249093192,HOLD
2025-01-17,426.5,407.5664258684431,412.00126543506946,56.22375660111579,-2.50817778057454,413.82000732421875,428.2200012207031,396.3599853515625,403.30999755859375,394.739990234375,394.94000244140625,394.3599853515625,424.07000732421875,415.1099853515625,412.3800048828125,406.5799865722656,397.1499938964844,398.0899963378906,389.1000061035156,406.06856863839283,SELL
2025-01-21,424.07000732421875,407.0242832728795,413.61043102028935,55.481181886854145,-1.6966297119404192,426.5,413.82000732421875,428.2200012207031,396.3599853515625,403.30999755859375,394.739990234375,394.94000244140625,415.1099853515625,412.3800048828125,406.5799865722656,397.1499938964844,398.0899963378906,389.1000061035156,400.2799987792969,402.6699959891183,SELL
2025-01-22,415.1099853515625,406.8599962506975,413.8103715977924,52.716436537496584,-1.7576992158198568,424.07000732421875,426.5,413.82000732421875,428.2200012207031,396.3599853515625,403.30999755859375,394.739990234375,412.3800048828125,406.5799865722656,397.1499938964844,398.0899963378906,389.1000061035156,400.2799987792969,404.6000061035156,401.1685703822545,SELL
2025-01-23,412.3800048828125,407.4699968610491,413.61965603579506,51.86833684953829,-1.960914298107948,415.1099853515625,424.07000732421875,426.5,413.82000732421875,428.2200012207031,396.3599853515625,403.30999755859375,406.5799865722656,397.1499938964844,398.0899963378906,389.1000061035156,400.2799987792969,404.6000061035156,383.67999267578125,397.06856863839283,SELL
2025-01-24,406.5799865722656,409.4199959891183,412.6810334406578,50.02689129728997,-2.434023927272322,412.3800048828125,415.1099853515625,424.07000732421875,426.5,413.82000732421875,428.2200012207031,396.3599853515625,397.1499938964844,398.0899963378906,389.1000061035156,400.2799987792969,404.6000061035156,383.67999267578125,392.2099914550781,395.01571219308033,SELL
2025-01-27,397.1499938964844,408.47070966448103,410.6102281681014,47.09912712277198,-3.277605891979637,406.5799865722656,412.3800048828125,415.1099853515625,424.07000732421875,426.5,413.82000732421875,428.2200012207031,398.0899963378906,389.1000061035156,400.2799987792969,404.6000061035156,383.67999267578125,392.2099914550781,378.1700134277344,392.30428641183033,HOLD
2025-01-28,398.0899963378906,407.5449959891183,408.94086392407326,47.42940371009514,-3.6399115898216152,397.1499938964844,406.5799865722656,412.3800048828125,415.1099853515625,424.07000732421875,426.5,413.82000732421875,389.1000061035156,400.2799987792969,404.6000061035156,383.67999267578125,392.2099914550781,378.1700134277344,374.32000732421875,388.90857369559154,SELL
2025-01-29,389.1000061035156,407.16928318568637,406.2954162146656,44.563825059595786,-4.30698282360367,398.0899963378906,397.1499938964844,406.5799865722656,412.3800048828125,415.1099853515625,424.07000732421875,426.5,400.2799987792969,404.6000061035156,383.67999267578125,392.2099914550781,378.1700134277344,374.32000732421875,361.6199951171875,384.9828578404018,HOLD
2025-01-30,400.2799987792969,407.5507114955357,405.49336055661644,48.71368240796648,-3.833088541029242,389.1000061035156,398.0899963378906,397.1499938964844,406.5799865722656,412.3800048828125,415.1099853515625,424.07000732421875,404.6000061035156,383.67999267578125,392.2099914550781,378.1700134277344,374.32000732421875,361.6199951171875,350.7300109863281,377.904288155692,SELL
2025-01-31,404.6000061035156,408.25499834333147,405.37424662953634,50.26302315572394,-3.0979533531644172,400.2799987792969,389.1000061035156,398.0899963378906,397.1499938964844,406.5799865722656,412.3800048828125,415.1099853515625,383.67999267578125,392.2099914550781,378.1700134277344,374.32000732421875,361.6199951171875,350.7300109863281,328.5,367.0328587123326,SELL
2025-02-03,383.67999267578125,406.85285513741627,402.48167943570235,43.42204970553882,-3.8413127249978434,404.6000061035156,400.2799987792969,389.1000061035156,398.0899963378906,397.1499938964844,406.5799865722656,412.3800048828125,392.2099914550781,378.1700134277344,374.32000732421875,361.6199951171875,350.7300109863281,328.5,336.510009765625,360.2942897251674,SELL
2025-02-04,392.2099914550781,406.5564270019531,401.1121210382858,46.61269821621418,-3.5842096098636222,383.67999267578125,404.6000061035156,400.2799987792969,389.1000061035156,398.0899963378906,397.1499938964844,406.5799865722656,378.1700134277344,374.32000732421875,361.6199951171875,350.7300109863281,328.5,336.510009765625,355.94000244140625,355.1128627232143,SELL
2025-02-05,378.1700134277344,402.98142787388394,398.053173356879,42.37665334018368,-4.145707813722107,392.2099914550781,383.67999267578125,404.6000061035156,400.2799987792969,389.1000061035156,398.0899963378906,397.1499938964844,374.32000732421875,361.6199951171875,350.7300109863281,328.5,336.510009765625,355.94000244140625,355.8399963378906,351.922860281808,SELL
2025-02-06,374.32000732421875,400.15999930245533,394.88875121919097,41.26910911703505,-4.53110569246007,378.1700134277344,392.2099914550781,383.67999267578125,404.6000061035156,400.2799987792969,389.1000061035156,398.0899963378906,361.6199951171875,350.7300109863281,328.5,336.510009765625,355.94000244140625,355.8399963378906,354.1099853515625,349.0357142857143,SELL
2025-02-07,361.6199951171875,395.5257132393973,390.4529170722572,37.762978689456965,-5.3403835132762625,374.32000732421875,378.1700134277344,392.2099914550781,383.67999267578125,404.6000061035156,400.2799987792969,389.1000061035156,350.7300109863281,328.5,336.510009765625,355.94000244140625,355.8399963378906,354.1099853515625,360.55999755859375,348.884286063058,SELL
2025-02-10,350.7300109863281,390.2871420724051,385.15652959413336,35.015870912406356,-6.245233811691694,361.6199951171875,374.32000732421875,378.1700134277344,392.2099914550781,383.67999267578125,404.6000061035156,400.2799987792969,328.5,336.510009765625,355.94000244140625,355.8399963378906,354.1099853515625,360.55999755859375,354.3999938964844,349.4085693359375,HOLD
2025-02-11,328.5,384.10071454729353,377.60232564824895,30.188141258632953,-7.872013210090452,350.7300109863281,361.6199951171875,374.32000732421875,378.1700134277344,392.2099914550781,383.67999267578125,404.6000061035156,336.510009765625,355.94000244140625,355.8399963378906,354.1099853515625,360.55999755859375,354.3999938964844,337.79998779296875,350.7371390206473,BUY
2025-02-12,336.510009765625,378.6814291817801,372.1233501972324,33.733421798466395,-7.918215929440686,328.5,350.7300109863281,361.6199951171875,374.32000732421875,378.1700134277344,392.2099914550781,383.67999267578125,355.94000244140625,355.8399963378906,354.1099853515625,360.55999755859375,354.3999938964844,337.79998779296875,330.5299987792969,349.88285173688615,BUY
2025-02-13,355.94000244140625,375.0642874581473,369.9655704964556,41.49482054376543,-6.224477938369951,336.510009765625,328.5,350.7300109863281,361.6199951171875,374.32000732421875,378.1700134277344,392.2099914550781,355.8399963378906,354.1099853515625,360.55999755859375,354.3999938964844,337.79998779296875,330.5299987792969,302.79998779296875,342.29142107282365,SELL
2025-02-14,355.8399963378906,372.1135733468192,368.0821606086469,41.46789924312113,-4.761139414674204,355.94000244140625,336.510009765625,328.5,350.7300109863281,361.6199951171875,374.32000732421875,378.1700134277344,354.1099853515625,360.55999755859375,354.3999938964844,337.79998779296875,330.5299987792969,302.79998779296875,290.79998779296875,332.999991280692,SELL
2025-02-18,354.1099853515625,368.9721439906529,366.2192039077023,40.97267318904272,-3.612092940841034,355.8399963378906,355.94000244140625,336.510009765625,328.5,350.7300109863281,361.6199951171875,374.32000732421875,360.55999755859375,354.3999938964844,337.79998779296875,330.5299987792969,302.79998779296875,290.79998779296875,281.95001220703125,322.69142368861606,SELL
2025-02-19,360.55999755859375,366.9335719517299,365.4646430611545,43.673522782467614,-2.190010889242611,354.1099853515625,355.8399963378906,355.94000244140625,336.510009765625,328.5,350.7300109863281,361.6199951171875,354.3999938964844,337.79998779296875,330.5299987792969,302.79998779296875,290.79998779296875,281.95001220703125,292.9800109863281,313.0371398925781,SELL
2025-02-20,354.3999938964844,363.6564287458147,363.98935650586515,41.71061889551572,-1.4710935937649054,360.55999755859375,354.1099853515625,355.8399963378906,355.94000244140625,336.510009765625,328.5,350.7300109863281,337.79998779296875,330.5299987792969,302.79998779296875,290.79998779296875,281.95001220703125,292.9800109863281,284.6499938964844,303.0728541782924,SELL
2025-02-21,337.79998779296875,358.88499886649,360.49744067747895,36.897861521710844,-1.8934968236315282,354.3999938964844,360.55999755859375,354.1099853515625,355.8399963378906,355.94000244140625,336.510009765625,328.5,330.5299987792969,302.79998779296875,290.79998779296875,281.95001220703125,292.9800109863281,284.6499938964844,272.0400085449219,293.67857142857144,SELL
2025-02-24,330.5299987792969,355.0885707310268,356.50178175772135,34.99351867738278,-2.40937901610444,337.79998779296875,354.3999938964844,360.55999755859375,354.1099853515625,355.8399963378906,355.94000244140625,336.510009765625,302.79998779296875,290.79998779296875,281.95001220703125,292.9800109863281,284.6499938964844,272.0400085449219,279.1000061035156,286.3314296177455,SELL
2025-02-25,302.79998779296875,348.70214189801897,349.341542562421,28.872434906792307,-4.257027956174182,330.5299987792969,337.79998779296875,354.3999938964844,360.55999755859375,354.1099853515625,355.8399963378906,355.94000244140625,290.79998779296875,281.95001220703125,292.9800109863281,284.6499938964844,272.0400085449219,279.1000061035156,263.45001220703125,280.7100045340402,SELL
2025-02-26,290.79998779296875,342.46142578125,341.53600192649407,26.696198739359374,-5.828990501700684,302.79998779296875,330.5299987792969,337.79998779296875,354.3999938964844,360.55999755859375,354.1099853515625,355.8399963378906,281.95001220703125,292.9800109863281,284.6499938964844,272.0400085449219,279.1000061035156,263.45001220703125,262.6700134277344,276.6914367675781,SELL
2025-02-27,281.95001220703125,335.8635689871652,333.59120329723237,25.188317028832884,-6.93144063436808,290.79998779296875,302.79998779296875,330.5299987792969,337.79998779296875,354.3999938964844,360.55999755859375,354.1099853515625,292.9800109863281,284.6499938964844,272.0400085449219,279.1000061035156,263.45001220703125,262.6700134277344,222.14999389648438,268.14857700892856,SELL
2025-02-28,292.9800109863281,330.9607129778181,328.1763776557785,30.46024060176822,-6.3973255489191665,281.95001220703125,290.79998779296875,302.79998779296875,330.5299987792969,337.79998779296875,354.3999938964844,360.55999755859375,284.6499938964844,272.0400085449219,279.1000061035156,263.45001220703125,262.6700134277344,222.14999389648438,230.5800018310547,259.23428998674666,SELL
2025-03-03,284.6499938964844,326.240711757115,322.37285982120596,28.809098466516033,-6.086372470924047,292.9800109863281,281.95001220703125,290.79998779296875,302.79998779296875,330.5299987792969,337.79998779296875,354.3999938964844,272.0400085449219,279.1000061035156,263.45001220703125,262.6700134277344,222.14999389648438,230.5800018310547,248.08999633789062,254.01143319266183,SELL
2025-03-04,272.0400085449219,322.2078552246094,315.6618129843681,26.469950805273314,-6.1908591916773155,284.6499938964844,292.9800109863281,281.95001220703125,290.79998779296875,302.79998779296875,330.5299987792969,337.79998779296875,279.1000061035156,263.45001220703125,262.6700134277344,222.14999389648438,230.5800018310547,248.08999633789062,240.67999267578125,249.53143092564173,SELL
2025-03-05,279.1000061035156,318.10714067731584,310.78690540025445,29.90165907651773,-5.28085558628241,272.0400085449219,284.6499938964844,292.9800109863281,281.95001220703125,290.79998779296875,302.79998779296875,330.5299987792969,263.45001220703125,262.6700134277344,222.14999389648438,230.5800018310547,248.08999633789062,240.67999267578125,249.97999572753906,245.37142944335938,SELL
2025-03-06,263.45001220703125,311.5007128034319,304.475319641158,26.904158825965865,-5.219955452999589,279.1000061035156,272.0400085449219,284.6499938964844,292.9800109863281,281.95001220703125,290.79998779296875,302.79998779296875,262.6700134277344,222.14999389648438,230.5800018310547,248.08999633789062,240.67999267578125,249.97999572753906,238.00999450683594,241.73714120047433,SELL
2025-03-07,262.6700134277344,304.845714024135,298.90127881270155,26.760173807565494,-4.733583728063444,263.45001220703125,279.1000061035156,272.0400085449219,284.6499938964844,292.9800109863281,281.95001220703125,290.79998779296875,222.14999389648438,230.5800018310547,248.08999633789062,240.67999267578125,249.97999572753906,238.00999450683594,225.30999755859375,236.3999960763114,SELL
2025-03-10,222.14999389648438,295.4200003487723,288.66777415720594,20.594183118934467,-6.531357551379113,262.6700134277344,263.45001220703125,279.1000061035156,272.0400085449219,284.6499938964844,292.9800109863281,281.95001220703125,230.5800018310547,248.08999633789062,240.67999267578125,249.97999572753906,238.00999450683594,225.30999755859375,235.86000061035156,238.3585684640067,BUY
2025-03-11,230.5800018310547,286.13571493966236,280.9227378470525,24.492243158625527,-6.527784596891145,222.14999389648438,262.6700134277344,263.45001220703125,279.1000061035156,272.0400085449219,284.6499938964844,292.9800109863281,248.08999633789062,240.67999267578125,249.97999572753906,238.00999450683594,225.30999755859375,235.86000061035156,236.25999450683594,239.1699959891183,BUY
2025-03-12,248.08999633789062,278.54214368547713,276.54503897916425,31.963301799758014,-4.801008008071317,230.5800018310547,222.14999389648438,262.6700134277344,263.45001220703125,279.1000061035156,272.0400085449219,284.6499938964844,240.67999267578125,249.97999572753906,238.00999450683594,225.30999755859375,235.86000061035156,236.25999450683594,248.7100067138672,239.2585688999721,SELL
2025-03-13,240.67999267578125,271.6050011771066,271.76303280537985,30.58417425593116,-3.6640748444913527,248.08999633789062,230.5800018310547,222.14999389648438,262.6700134277344,263.45001220703125,279.1000061035156,272.0400085449219,249.97999572753906,238.00999450683594,225.30999755859375,235.86000061035156,236.25999450683594,248.7100067138672,278.3900146484375,244.64571489606584,HOLD
2025-03-14,249.97999572753906,265.8514295305525,268.85862786166774,34.409289165001184,-1.881699269220256,240.67999267578125,248.08999633789062,230.5800018310547,222.14999389648438,262.6700134277344,263.45001220703125,279.1000061035156,238.00999450683594,225.30999755859375,235.86000061035156,236.25999450683594,248.7100067138672,278.3900146484375,288.1400146484375,250.0971461704799,HOLD
2025-03-17,238.00999450683594,261.22357286725725,264.7454767476902,31.967592502871028,-1.1413211762873452,249.97999572753906,240.67999267578125,248.08999633789062,230.5800018310547,222.14999389648438,262.6700134277344,263.45001220703125,225.30999755859375,235.86000061035156,236.25999450683594,248.7100067138672,278.3900146484375,288.1400146484375,272.05999755859375,254.96143232073103,BUY
2025-03-18,225.30999755859375,256.54571642194475,259.48741285581065,29.57007115234238,-1.1368440815885918,238.00999450683594,249.97999572753906,240.67999267578125,248.08999633789062,230.5800018310547,222.14999389648438,262.6700134277344,235.86000061035156,236.25999450683594,248.7100067138672,278.3900146484375,288.1400146484375,272.05999755859375,273.1300048828125,261.79286193847656,BUY
2025-03-19,235.86000061035156,253.25357273646765,256.3370912230828,33.998407687475066,-0.10749839113121595,225.30999755859375,238.00999450683594,249.97999572753906,240.67999267578125,248.08999633789062,230.5800018310547,222.14999389648438,236.25999450683594,248.7100067138672,278.3900146484375,288.1400146484375,272.05999755859375,273.1300048828125,263.54998779296875,265.74857439313615,BUY
2025-03-20,236.25999450683594,249.2021429879325,253.6601449942499,34.167416647215816,0.8627502166972931,235.86000061035156,225.30999755859375,238.00999450683594,249.97999572753906,240.67999267578125,248.08999633789062,230.5800018310547,248.7100067138672,278.3900146484375,288.1400146484375,272.05999755859375,273.1300048828125,263.54998779296875,259.1600036621094,269.02000427246094,BUY
2025-03-21,248.7100067138672,246.63500104631697,253.00012655686555,39.37137851291728,2.5121335180315114,236.25999450683594,235.86000061035156,225.30999755859375,238.00999450683594,249.97999572753906,240.67999267578125,248.08999633789062,278.3900146484375,288.1400146484375,272.05999755859375,273.1300048828125,263.54998779296875,259.1600036621094,268.4599914550781,271.8414306640625,BUY
2025-03-24,278.3900146484375,247.0885729108538,256.38544496907514,49.599717193322206,5.594574304576991,248.7100067138672,236.25999450683594,235.86000061035156,225.30999755859375,238.00999450683594,249.97999572753906,240.67999267578125,288.1400146484375,272.05999755859375,273.1300048828125,263.54998779296875,259.1600036621094,268.4599914550781,282.760009765625,272.46571568080356,SELL
2025-03-25,288.1400146484375,247.73428780691964,260.6193875929901,52.43835239000582,8.129003407635299,278.3900146484375,248.7100067138672,236.25999450683594,235.86000061035156,225.30999755859375,238.00999450683594,249.97999572753906,272.05999755859375,273.1300048828125,263.54998779296875,259.1600036621094,268.4599914550781,282.760009765625,267.2799987792969,269.48571341378346,SELL
2025-03-26,272.05999755859375,248.34928676060267,262.1448022550706,47.669800448476714,8.520151452568093,288.1400146484375,278.3900146484375,248.7100067138672,236.25999450683594,235.86000061035156,225.30999755859375,238.00999450683594,273.1300048828125,263.54998779296875,259.1600036621094,268.4599914550781,282.760009765625,267.2799987792969,239.42999267578125,264.8242841448103,SELL
2025-03-27,273.1300048828125,249.09642900739397,263.6094959387695,48.008608597867976,8.62248316957658,272.05999755859375,288.1400146484375,278.3900146484375,248.7100067138672,236.25999450683594,235.86000061035156,225.30999755859375,263.54998779296875,259.1600036621094,268.4599914550781,282.760009765625,267.2799987792969,239.42999267578125,233.2899932861328,259.13285391671315,SELL
2025-03-28,263.54998779296875,252.05357142857142,263.6015615193294,45.187718976202476,7.839113948844442,273.1300048828125,272.05999755859375,288.1400146484375,278.3900146484375,248.7100067138672,236.25999450683594,235.86000061035156,259.1600036621094,268.4599914550781,282.760009765625,267.2799987792969,239.42999267578125,233.2899932861328,221.86000061035156,253.17714146205358,SELL
2025-03-31,259.1600036621094,254.09500013078963,263.0093538050334,43.91434852446542,6.855018900421964,263.54998779296875,273.1300048828125,272.05999755859375,288.1400146484375,278.3900146484375,248.7100067138672,236.25999450683594,268.4599914550781,282.760009765625,267.2799987792969,239.42999267578125,233.2899932861328,221.86000061035156,272.20001220703125,255.03999982561385,HOLD
2025-04-01,268.4599914550781,255.5499997820173,263.73610549170604,47.30224824898601,6.654738731693314,259.1600036621094,263.54998779296875,273.1300048828125,272.05999755859375,288.1400146484375,278.3900146484375,248.7100067138672,282.760009765625,267.2799987792969,239.42999267578125,233.2899932861328,221.86000061035156,272.20001220703125,252.39999389648438,252.74571446010046,SELL
2025-04-02,282.760009765625,258.5557152884347,266.27262606156194,52.094133172237285,7.260160332895193,268.4599914550781,259.1600036621094,263.54998779296875,273.1300048828125,272.05999755859375,288.1400146484375,278.3900146484375,267.2799987792969,239.42999267578125,233.2899932861328,221.86000061035156,272.20001220703125,252.39999389648438,252.30999755859375,248.39571271623885,SELL
2025-04-03,267.2799987792969,259.7914297921317,266.4069424239266,47.10109744849086,6.42180372157943,282.760009765625,268.4599914550781,259.1600036621094,263.54998779296875,273.1300048828125,272.05999755859375,288.1400146484375,239.42999267578125,233.2899932861328,221.86000061035156,272.20001220703125,252.39999389648438,252.30999755859375,252.35000610351562,246.26285661969865,SELL
2025-04-04,239.42999267578125,259.89285823277066,262.81001579084057,39.72425752297728,3.9184021566797753,267.2799987792969,282.760009765625,268.4599914550781,259.1600036621094,263.54998779296875,273.1300048828125,272.05999755859375,233.2899932861328,221.86000061035156,272.20001220703125,252.39999389648438,252.30999755859375,252.35000610351562,254.11000061035156,248.36000061035156,BUY
2025-04-07,233.2899932861328,260.4628579275949,258.8740127902129,38.30007176745202,1.879166197680366,239.42999267578125,267.2799987792969,282.760009765625,268.4599914550781,259.1600036621094,263.54998779296875,273.1300048828125,221.86000061035156,272.20001220703125,252.39999389648438,252.30999755859375,252.35000610351562,254.11000061035156,241.5500030517578,249.54000200544084,BUY
2025-04-08,221.86000061035156,259.4628579275949,253.93881116623135,35.7318713168691,-0.10411764628734765,233.2899932861328,239.42999267578125,267.2799987792969,282.760009765625,268.4599914550781,259.1600036621094,263.54998779296875,272.20001220703125,252.39999389648438,252.30999755859375,252.35000610351562,254.11000061035156,241.5500030517578,241.3699951171875,252.327144077846,BUY
2025-04-09,272.20001220703125,262.03000204903736,256.3736379716713,51.2396118683245,1.9938898996484475,221.86000061035156,233.2899932861328,239.42999267578125,267.2799987792969,282.760009765625,268.4599914550781,259.1600036621094,252.39999389648438,252.30999755859375,252.35000610351562,254.11000061035156,241.5500030517578,241.3699951171875,227.5,245.9414280482701,SELL
2025-04-10,252.39999389648438,262.29357256208147,255.8438187616464,46.488101844351654,2.0592734714872645,272.20001220703125,221.86000061035156,233.2899932861328,239.42999267578125,267.2799987792969,282.760009765625,268.4599914550781,252.30999755859375,252.35000610351562,254.11000061035156,241.5500030517578,241.3699951171875,227.5,237.97000122070312,243.8800005231585,SELL
2025-04-11,252.30999755859375,260.43071419852123,255.3726426012394,46.46701000399587,2.1003742552552627,252.39999389648438,272.20001220703125,221.86000061035156,233.2899932861328,239.42999267578125,267.2799987792969,282.760009765625,252.35000610351562,254.11000061035156,241.5500030517578,241.3699951171875,227.5,237.97000122070312,250.74000549316406,243.6557159423828,SELL
2025-04-14,252.35000610351562,257.87428501674106,254.9696244015429,46.47863552542307,2.1276099170114904,252.30999755859375,252.39999389648438,272.20001220703125,221.86000061035156,233.2899932861328,239.42999267578125,267.2799987792969,254.11000061035156,241.5500030517578,241.3699951171875,227.5,237.97000122070312,250.74000549316406,259.510009765625,244.67857360839844,SELL
2025-04-15,254.11000061035156,256.5921423775809,254.85500789605072,47.02366015509257,2.249643683025221,252.35000610351562,252.30999755859375,252.39999389648438,272.20001220703125,221.86000061035156,233.2899932861328,239.42999267578125,241.5500030517578,241.3699951171875,227.5,237.97000122070312,250.74000549316406,259.510009765625,284.95001220703125,249.08428955078125,HOLD
2025-04-16,241.5500030517578,254.33642796107702,253.081007250145,43.61060002387685,1.5057020200644011,254.11000061035156,252.35000610351562,252.30999755859375,252.39999389648438,272.20001220703125,221.86000061035156,233.2899932861328,241.3699951171875,227.5,237.97000122070312,250.74000549316406,259.510009765625,284.95001220703125,285.8800048828125,255.41714695521765,BUY
2025-04-17,241.3699951171875,252.75214276994978,251.51953896575066,43.56179999223957,1.0446126026482005,241.5500030517578,254.11000061035156,252.35000610351562,252.30999755859375,252.39999389648438,272.20001220703125,221.86000061035156,227.5,237.97000122070312,250.74000549316406,259.510009765625,284.95001220703125,285.8800048828125,292.0299987792969,262.65429033551897,BUY
2025-04-21,227.5,250.49071393694197,248.31693377031726,39.86061042373868,-0.09106332095735681,241.3699951171875,241.5500030517578,254.11000061035156,252.35000610351562,252.30999755859375,252.39999389648438,272.20001220703125,237.97000122070312,250.74000549316406,259.510009765625,284.95001220703125,285.8800048828125,292.0299987792969,282.1600036621094,270.46286228724887,BUY
2025-04-22,237.97000122070312,248.31285749162947,246.93734276370205,43.74607915300281,-0.036493733855795796,227.5,241.3699951171875,241.5500030517578,254.11000061035156,252.35000610351562,252.30999755859375,252.39999389648438,250.74000549316406,259.510009765625,284.95001220703125,285.8800048828125,292.0299987792969,282.1600036621094,280.5199890136719,276.54143197195873,BUY
2025-04-23,250.74000549316406,246.02571432931083,247.44436446096364,48.146474392539965,0.9081020506798243,237.97000122070312,227.5,241.3699951171875,241.5500030517578,254.11000061035156,252.35000610351562,252.30999755859375,259.510009765625,284.95001220703125,285.8800048828125,292.0299987792969,282.1600036621094,280.5199890136719,287.2099914550781,281.75142996651783,BUY
2025-04-24,259.510009765625,245.47071511404855,249.05311716825182,50.98233545449269,2.103691337664131,250.74000549316406,237.97000122070312,227.5,241.3699951171875,241.5500030517578,254.11000061035156,252.35000610351562,284.95001220703125,285.8800048828125,292.0299987792969,282.1600036621094,280.5199890136719,287.2099914550781,280.260009765625,284.71571568080356,BUY
2025-04-25,284.95001220703125,248.7221450805664,253.8393698400891,58.13488640901733,4.452969324285039,259.510009765625,250.74000549316406,237.97000122070312,227.5,241.3699951171875,241.5500030517578,254.11000061035156,285.8800048828125,292.0299987792969,282.1600036621094,280.5199890136719,287.2099914550781,280.260009765625,275.3500061035156,283.3442862374442,HOLD
2025-04-28,285.8800048828125,252.47857448032923,258.1114545124522,58.374008663955244,5.827883221894004,284.95001220703125,259.510009765625,250.74000549316406,237.97000122070312,227.5,241.3699951171875,241.5500030517578,292.0299987792969,282.1600036621094,280.5199890136719,287.2099914550781,280.260009765625,275.3500061035156,276.2200012207031,281.9642857142857,HOLD
2025-04-29,292.0299987792969,257.49071720668246,262.63392708136485,60.0010412441655,6.839854684937739,285.8800048828125,284.95001220703125,259.510009765625,250.74000549316406,237.97000122070312,227.5,241.3699951171875,282.1600036621094,280.5199890136719,287.2099914550781,280.260009765625,275.3500061035156,276.2200012207031,284.82000732421875,280.93428693498885,SELL
2025-04-30,282.1600036621094,258.2021451677595,265.2374039587975,56.204159639565596,6.533343959438485,292.0299987792969,285.8800048828125,284.95001220703125,259.510009765625,250.74000549316406,237.97000122070312,227.5,280.5199890136719,287.2099914550781,280.260009765625,275.3500061035156,276.2200012207031,284.82000732421875,298.260009765625,283.23428780691967,HOLD
2025-05-01,280.5199890136719,260.2107162475586,267.27508196611404,55.574853358997984,5.926829254458347,282.1600036621094,292.0299987792969,285.8800048828125,284.95001220703125,259.510009765625,250.74000549316406,237.97000122070312,287.2099914550781,280.260009765625,275.3500061035156,276.2200012207031,284.82000732421875,298.260009765625,318.3800048828125,288.64286150251115,BUY
2025-05-02,287.2099914550781,262.70357295445035,269.93306989797594,57.65758111200254,5.682166157725379,280.5199890136719,282.1600036621094,292.0299987792969,285.8800048828125,284.95001220703125,259.510009765625,250.74000549316406,280.260009765625,275.3500061035156,276.2200012207031,284.82000732421875,298.260009765625,318.3800048828125,334.07000732421875,295.337149483817,BUY
2025-05-05,280.260009765625,264.697144644601,271.3099952136625,54.78415100794392,4.793707554829566,287.2099914550781,280.5199890136719,282.1600036621094,292.0299987792969,285.8800048828125,284.95001220703125,259.510009765625,275.3500061035156,276.2200012207031,284.82000732421875,298.260009765625,318.3800048828125,334.07000732421875,347.67999267578125,304.9685756138393,BUY
2025-05-06,275.3500061035156,266.2142878941127,271.84866333230957,52.782816790396495,3.667565671894146,280.260009765625,287.2099914550781,280.5199890136719,282.1600036621094,292.0299987792969,285.8800048828125,284.95001220703125,276.2200012207031,284.82000732421875,298.260009765625,318.3800048828125,334.07000732421875,347.67999267578125,342.82000732421875,314.6071472167969,BUY
2025-05-07,276.2200012207031,268.6907163347517,272.43150838409537,53.10968113841483,2.8119896270101155,275.3500061035156,280.260009765625,287.2099914550781,280.5199890136719,282.1600036621094,292.0299987792969,285.8800048828125,284.82000732421875,298.260009765625,318.3800048828125,334.07000732421875,347.67999267578125,342.82000732421875,349.9800109863281,325.14429146902904,BUY
2025-05-08,284.82000732421875,271.7942886352539,274.0833082427785,56.32805602069171,2.657751866995882,276.2200012207031,275.3500061035156,280.260009765625,287.2099914550781,280.5199890136719,282.1600036621094,292.0299987792969,298.260009765625,318.3800048828125,334.07000732421875,347.67999267578125,342.82000732421875,349.9800109863281,342.0899963378906,333.32571847098217,BUY
2025-05-09,298.260009765625,276.84857504708424,277.3068684458247,60.850422890021434,3.254004460060811,284.82000732421875,276.2200012207031,275.3500061035156,280.260009765625,287.2099914550781,280.5199890136719,282.1600036621094,318.3800048828125,334.07000732421875,347.67999267578125,342.82000732421875,349.9800109863281,342.0899963378906,343.82000732421875,339.83428955078125,BUY
2025-05-12,318.3800048828125,282.59214673723494,282.7832866374231,66.45125718272138,4.708278313337869,298.260009765625,284.82000732421875,276.2200012207031,275.3500061035156,280.260009765625,287.2099914550781,280.5199890136719,334.07000732421875,347.67999267578125,342.82000732421875,349.9800109863281,342.0899963378906,343.82000732421875,334.6199951171875,342.154288155692,BUY
2025-05-13,334.07000732421875,288.5442897251674,289.6215160623292,70.0496411444584,6.330664929458814,318.3800048828125,298.260009765625,284.82000732421875,276.2200012207031,275.3500061035156,280.260009765625,287.2099914550781,347.67999267578125,342.82000732421875,349.9800109863281,342.0899963378906,343.82000732421875,334.6199951171875,341.0400085449219,343.1500026157924,BUY
2025-05-14,347.67999267578125,294.84214564732144,297.3626462774561,72.77725276927373,7.826202483850292,334.07000732421875,318.3800048828125,298.260009765625,284.82000732421875,276.2200012207031,275.3500061035156,280.260009765625,342.82000732421875,349.9800109863281,342.0899963378906,343.82000732421875,334.6199951171875,341.0400085449219,339.3399963378906,341.9585745675223,HOLD
2025-05-15,342.82000732421875,298.9757167271205,303.4236277503578,70.31468317714152,7.967287074371821,347.67999267578125,334.07000732421875,318.3800048828125,298.260009765625,284.82000732421875,276.2200012207031,275.3500061035156,349.9800109863281,342.0899963378906,343.82000732421875,334.6199951171875,341.0400085449219,339.3399963378906,362.8900146484375,344.82571847098217,HOLD
2025-05-16,349.9800109863281,303.5542885916574,309.63114551515383,71.8271524741104,8.000959458995201,342.82000732421875,347.67999267578125,334.07000732421875,318.3800048828125,298.260009765625,284.82000732421875,276.2200012207031,342.0899963378906,343.82000732421875,334.6199951171875,341.0400085449219,339.3399963378906,362.8900146484375,356.8999938964844,345.8142874581473,HOLD
2025-05-19,342.0899963378906,307.1300027029855,313.95899229151877,67.7318403832725,6.986849977812042,349.9800109863281,342.82000732421875,347.67999267578125,334.07000732421875,318.3800048828125,298.260009765625,284.82000732421875,343.82000732421875,334.6199951171875,341.0400085449219,339.3399963378906,362.8900146484375,356.8999938964844,358.42999267578125,348.14857264927457,HOLD
2025-05-20,343.82000732421875,311.53428867885043,317.94046096254544,68.16050755445208,5.967175534272258,342.0899963378906,349.9800109863281,342.82000732421875,347.67999267578125,334.07000732421875,318.3800048828125,298.260009765625,334.6199951171875,341.0400085449219,339.3399963378906,362.8900146484375,356.8999938964844,358.42999267578125,346.4599914550781,348.5257132393973,HOLD
2025-05-21,334.6199951171875,315.39857482910156,320.16439884983106,63.34148978155345,4.286337153649946,343.82000732421875,342.0899963378906,349.9800109863281,342.82000732421875,347.67999267578125,334.07000732421875,318.3800048828125,341.0400085449219,339.3399963378906,362.8900146484375,356.8999938964844,358.42999267578125,346.4599914550781,342.69000244140625,349.67857142857144,BUY
2025-05-22,341.0400085449219,319.2435760498047,322.9478134758432,65.19097064362899,3.2662704668768754,334.6199951171875,343.82000732421875,342.0899963378906,349.9800109863281,342.82000732421875,347.67999267578125,334.07000732421875,339.3399963378906,362.8900146484375,356.8999938964844,358.42999267578125,346.4599914550781,342.69000244140625,,351.1183319091797,BUY
2025-05-23,339.3399963378906,323.4635750906808,325.1334378574495,64.26635867561454,2.18819070059169,341.0400085449219,334.6199951171875,343.82000732421875,342.0899963378906,349.9800109863281,342.82000732421875,347.67999267578125,362.8900146484375,356.8999938964844,358.42999267578125,346.4599914550781,342.69000244140625,,,353.4739990234375,BUY
2025-05-27,362.8900146484375,329.7164328438895,330.1676480962479,70.50683021386418,2.7366748124838054,339.3399963378906,341.0400085449219,334.6199951171875,343.82000732421875,342.0899963378906,349.9800109863281,342.82000732421875,356.8999938964844,358.42999267578125,346.4599914550781,342.69000244140625,,,,351.1199951171875,SELL
2025-05-28,356.8999938964844,335.47928946358815,333.7319608696128,67.28798978006125,2.38449149044483,362.8900146484375,339.3399963378906,341.0400085449219,334.6199951171875,343.82000732421875,342.0899963378906,349.9800109863281,358.42999267578125,346.4599914550781,342.69000244140625,,,,,349.1933288574219,SELL
2025-05-29,358.42999267578125,340.73714556012834,337.02503177710196,67.69368798078528,1.9607246412501915,356.8999938964844,362.8900146484375,339.3399963378906,341.0400085449219,334.6199951171875,343.82000732421875,342.0899963378906,346.4599914550781,342.69000244140625,,,,,,344.5749969482422,SELL
2025-05-30,346.4599914550781,344.1800013950893,338.28302640083217,61.28942457473485,0.6482978329042979,358.42999267578125,356.8999938964844,362.8900146484375,339.3399963378906,341.0400085449219,334.6199951171875,343.82000732421875,342.69000244140625,,,,,,,342.69000244140625,HOLD
2025-06-02,342.69000244140625,345.9164297921317,338.87062320624204,59.3838755714608,-0.6304962192265933,346.4599914550781,358.42999267578125,356.8999938964844,362.8900146484375,339.3399963378906,341.0400085449219,334.6199951171875,,,,,,,,,HOLD
