Date,Open,High,Low,Close,Volume,Dividends,Stock Splits,SMA_14,EMA_14,RSI_14,MACD,Close_lag_1,Close_lag_2,Close_lag_3,Close_lag_4,Close_lag_5,Close_lag_6,Close_lag_7,Target_day_1_price,Target_day_2_price,Target_day_3_price,Target_day_4_price,Target_day_5_price,Target_day_6_price,Target_day_7_price,Avg_price_next_7_days,Target_trend_7day_combined
2024-07-16 00:00:00-04:00,255.3099975585937,258.6199951171875,245.8000030517578,256.5599975585937,126332500,0.0,0.0,236.26357051304407,237.0597539951289,73.50861583428473,1.605129970270795,252.63999938964844,248.22999572753903,241.02999877929688,263.260009765625,262.3299865722656,252.94000244140625,251.5200042724609,248.5,249.22999572753903,239.1999969482422,251.509994506836,246.3800048828125,215.9900054931641,220.25,238.72285679408483,SELL
2024-07-17 00:00:00-04:00,252.72999572753903,258.4700012207031,246.17999267578125,248.5,115584800,0.0,0.0,239.98714229038785,238.5851201291117,66.65389035583146,0.6122566083751373,256.5599975585937,252.63999938964844,248.22999572753903,241.02999877929688,263.260009765625,262.3299865722656,252.94000244140625,249.22999572753903,239.1999969482422,251.509994506836,246.3800048828125,215.9900054931641,220.25,219.8000030517578,234.62285723005022,SELL
2024-07-18 00:00:00-04:00,251.08999633789065,257.1400146484375,247.1999969482422,249.22999572753903,110869000,0.0,0.0,243.68785640171595,240.0044368755687,66.95445290080588,-0.1633795937946587,248.5,256.5599975585937,252.63999938964844,248.22999572753903,241.02999877929688,263.260009765625,262.3299865722656,239.1999969482422,251.509994506836,246.3800048828125,215.9900054931641,220.25,219.8000030517578,232.1000061035156,232.17571585518974,SELL
2024-07-19 00:00:00-04:00,247.7899932861328,249.44000244140625,236.8300018310547,239.1999969482422,87403900,0.0,0.0,246.63928440638952,239.89717821859185,59.07559872269752,-1.4485009584102857,249.22999572753903,248.5,256.5599975585937,252.63999938964844,248.22999572753903,241.02999877929688,263.260009765625,251.509994506836,246.3800048828125,215.9900054931641,220.25,219.8000030517578,232.1000061035156,222.6199951171875,229.80714416503906,SELL
2024-07-22 00:00:00-04:00,244.2100067138672,253.2100067138672,243.75,251.509994506836,101225400,0.0,0.0,249.6142839704241,241.44555372369103,64.58399237805071,-1.5566017643184369,239.1999969482422,249.22999572753903,248.5,256.5599975585937,252.63999938964844,248.22999572753903,241.02999877929688,246.3800048828125,215.9900054931641,220.25,219.8000030517578,232.1000061035156,222.6199951171875,232.07000732421875,227.0300031389509,SELL
2024-07-23 00:00:00-04:00,253.6000061035156,255.759994506836,245.6300048828125,246.3800048828125,111928200,0.0,0.0,250.6942847115653,242.10348054490728,60.90492093008302,-2.0307334925479914,251.509994506836,239.1999969482422,249.22999572753903,248.5,256.5599975585937,252.63999938964844,248.22999572753903,215.9900054931641,220.25,219.8000030517578,232.1000061035156,222.6199951171875,232.07000732421875,216.8600006103516,222.81285967145647,SELL
2024-07-24 00:00:00-04:00,225.4199981689453,225.9900054931641,214.7100067138672,215.9900054931641,167942900,0.0,0.0,248.52285657610213,238.62168387134156,44.670603277720986,-4.316837901880806,246.3800048828125,251.509994506836,239.1999969482422,249.22999572753903,248.5,256.5599975585937,252.63999938964844,220.25,219.8000030517578,232.1000061035156,222.6199951171875,232.07000732421875,216.8600006103516,207.6699981689453,221.62428719656808,BUY
2024-07-25 00:00:00-04:00,216.8000030517578,226.0,216.22999572753903,220.25,100636500,0.0,0.0,246.2892848423549,236.1721260218293,46.810868458499634,-5.397689704684401,215.9900054931641,246.3800048828125,251.509994506836,239.1999969482422,249.22999572753903,248.5,256.5599975585937,219.8000030517578,232.1000061035156,222.6199951171875,232.07000732421875,216.8600006103516,207.6699981689453,198.8800048828125,218.57143075125558,HOLD
2024-07-26 00:00:00-04:00,221.19000244140625,222.27999877929688,215.3300018310547,219.8000030517578,94604100,0.0,0.0,243.9221420288086,233.9891762924865,46.60578215148458,-5.954730710399637,220.25,215.9900054931641,246.3800048828125,251.509994506836,239.1999969482422,249.22999572753903,248.5,232.1000061035156,222.6199951171875,232.07000732421875,216.8600006103516,207.6699981689453,198.8800048828125,200.63999938964844,215.83428737095423,SELL
2024-07-29 00:00:00-04:00,224.8999938964844,234.2700042724609,224.6999969482422,232.1000061035156,129201800,0.0,0.0,241.76285770961215,233.73728693395705,52.7051416239516,-5.32700899693279,219.8000030517578,220.25,215.9900054931641,246.3800048828125,251.509994506836,239.1999969482422,249.22999572753903,222.6199951171875,232.07000732421875,216.8600006103516,207.6699981689453,198.8800048828125,200.63999938964844,191.759994506836,210.07142857142858,SELL
2024-07-30 00:00:00-04:00,232.25,232.41000366210932,220.0,222.6199951171875,100560300,0.0,0.0,238.85999952043807,232.2549813583877,48.14067072734137,-5.36741545601094,232.1000061035156,219.8000030517578,220.25,215.9900054931641,246.3800048828125,251.509994506836,239.1999969482422,232.07000732421875,216.8600006103516,207.6699981689453,198.8800048828125,200.63999938964844,191.759994506836,198.83999633789065,206.67428588867188,SELL
2024-07-31 00:00:00-04:00,227.8999938964844,234.67999267578125,226.7899932861328,232.07000732421875,67497000,0.0,0.0,238.22000013078963,232.23031815383183,52.55194521661966,-4.604170254738115,222.6199951171875,232.1000061035156,219.8000030517578,220.25,215.9900054931641,246.3800048828125,251.509994506836,216.8600006103516,207.6699981689453,198.8800048828125,200.63999938964844,191.759994506836,198.83999633789065,200.0,202.09285627092635,SELL
2024-08-01 00:00:00-04:00,227.69000244140625,231.8699951171875,214.3300018310547,216.8600006103516,83861900,0.0,0.0,235.97928619384768,230.18094248136785,45.79924831440758,-4.940473298623562,232.07000732421875,222.6199951171875,232.1000061035156,219.8000030517578,220.25,215.9900054931641,246.3800048828125,207.6699981689453,198.8800048828125,200.63999938964844,191.759994506836,198.83999633789065,200.0,197.4900054931641,199.32571411132812,SELL
2024-08-02 00:00:00-04:00,214.8800048828125,216.1300048828125,205.77999877929688,207.6699981689453,82880100,0.0,0.0,232.7671432495117,227.1794832397115,42.26542669993125,-5.552879372666545,216.8600006103516,232.07000732421875,222.6199951171875,232.1000061035156,219.8000030517578,220.25,215.9900054931641,198.8800048828125,200.63999938964844,191.759994506836,198.83999633789065,200.0,197.4900054931641,207.8300018310547,199.34857177734375,SELL
2024-08-05 00:00:00-04:00,185.22000122070312,203.8800048828125,182.0,198.8800048828125,100308800,0.0,0.0,228.6471437726702,223.40621945879164,39.153598875140254,-6.268054353535734,207.6699981689453,216.8600006103516,232.07000732421875,222.6199951171875,232.1000061035156,219.8000030517578,220.25,200.63999938964844,191.759994506836,198.83999633789065,200.0,197.4900054931641,207.8300018310547,201.3800048828125,199.7057146344866,HOLD
2024-08-06 00:00:00-04:00,200.75,202.8999938964844,192.6699981689453,200.63999938964844,73783900,0.0,0.0,225.22857230050224,220.37072344957252,40.10449264573422,-6.322590501950381,198.8800048828125,207.6699981689453,216.8600006103516,232.07000732421875,222.6199951171875,232.1000061035156,219.8000030517578,191.759994506836,198.83999633789065,200.0,197.4900054931641,207.8300018310547,201.3800048828125,214.13999938964844,201.63428606305803,HOLD
2024-08-07 00:00:00-04:00,200.7700042724609,203.4900054931641,191.47999572753903,191.759994506836,71159800,0.0,0.0,221.1235722133092,216.55595959054105,36.96556683025674,-6.624801595253173,200.63999938964844,198.8800048828125,207.6699981689453,216.8600006103516,232.07000732421875,222.6199951171875,232.1000061035156,198.83999633789065,200.0,197.4900054931641,207.8300018310547,201.3800048828125,214.13999938964844,216.1199951171875,205.1142861502511,BUY
2024-08-08 00:00:00-04:00,195.6999969482422,200.6999969482422,192.0399932861328,198.83999633789065,65033900,0.0,0.0,218.24071502685547,214.19383115685432,40.93495364909446,-6.032778534971281,191.759994506836,200.63999938964844,198.8800048828125,207.6699981689453,216.8600006103516,232.07000732421875,222.6199951171875,200.0,197.4900054931641,207.8300018310547,201.3800048828125,214.13999938964844,216.1199951171875,222.72000122070312,208.52571541922433,BUY
2024-08-09 00:00:00-04:00,197.0500030517578,200.8800048828125,195.1100006103516,200.0,58648300,0.0,0.0,214.5614297049386,212.3013203359404,41.584018251449066,-5.275352188868814,198.83999633789065,191.759994506836,200.63999938964844,198.8800048828125,207.6699981689453,216.8600006103516,232.07000732421875,197.4900054931641,207.8300018310547,201.3800048828125,214.13999938964844,216.1199951171875,222.72000122070312,221.1000061035156,211.54000200544084,BUY
2024-08-12 00:00:00-04:00,199.0200042724609,199.259994506836,194.6699981689453,197.4900054931641,64044900,0.0,0.0,211.0692868913923,210.32647835690355,40.54577043353084,-4.676146922883246,200.0,198.83999633789065,191.759994506836,200.63999938964844,198.8800048828125,207.6699981689453,216.8600006103516,207.8300018310547,201.3800048828125,214.13999938964844,216.1199951171875,222.72000122070312,221.1000061035156,223.2700042724609,215.22285897391183,BUY
2024-08-13 00:00:00-04:00,198.47000122070312,208.4900054931641,197.0599975585937,207.8300018310547,76247400,0.0,0.0,210.48642948695596,209.9936148201237,46.47457329331475,-3.3768086143326155,197.4900054931641,200.0,198.83999633789065,191.759994506836,200.63999938964844,198.8800048828125,207.6699981689453,201.3800048828125,214.13999938964844,216.1199951171875,222.72000122070312,221.1000061035156,223.2700042724609,210.66000366210932,215.62714494977678,BUY
2024-08-14 00:00:00-04:00,207.38999938964844,208.44000244140625,198.75,201.3800048828125,70250000,0.0,0.0,209.1385726928711,208.84513349514887,43.55672140074141,-2.7705556568672347,207.8300018310547,197.4900054931641,200.0,198.83999633789065,191.759994506836,200.63999938964844,198.8800048828125,214.13999938964844,216.1199951171875,222.72000122070312,221.1000061035156,223.2700042724609,210.66000366210932,220.32000732421875,218.3328595842634,BUY
2024-08-15 00:00:00-04:00,205.0200042724609,215.8800048828125,204.82000732421875,214.13999938964844,89848500,0.0,0.0,208.7342867170061,209.5511156144155,50.21581198292048,-1.398244518595246,201.3800048828125,207.8300018310547,197.4900054931641,200.0,198.83999633789065,191.759994506836,200.63999938964844,216.1199951171875,222.72000122070312,221.1000061035156,223.2700042724609,210.66000366210932,220.32000732421875,213.2100067138672,218.20000348772322,BUY
2024-08-16 00:00:00-04:00,211.1499938964844,219.8000030517578,210.8000030517578,216.1199951171875,88765100,0.0,0.0,207.59285736083984,210.4269662147851,51.178340654872805,-0.3024892270700752,214.13999938964844,201.3800048828125,207.8300018310547,197.4900054931641,200.0,198.83999633789065,191.759994506836,222.72000122070312,221.1000061035156,223.2700042724609,210.66000366210932,220.32000732421875,213.2100067138672,209.2100067138672,217.2128622872489,HOLD
2024-08-19 00:00:00-04:00,217.07000732421875,222.97999572753903,214.08999633789065,222.72000122070312,76435200,0.0,0.0,207.6000006539481,212.0660375489075,54.346868902330485,0.8580126176037379,216.1199951171875,214.13999938964844,201.3800048828125,207.8300018310547,197.4900054931641,200.0,198.83999633789065,221.1000061035156,223.2700042724609,210.66000366210932,220.32000732421875,213.2100067138672,209.2100067138672,205.75,214.78857639857702,SELL
2024-08-20 00:00:00-04:00,224.8800048828125,228.22000122070312,219.5599975585937,221.1000061035156,74001200,0.0,0.0,206.8164291381836,213.2705666895219,53.43025519536853,1.471724064308538,222.72000122070312,216.1199951171875,214.13999938964844,201.3800048828125,207.8300018310547,197.4900054931641,200.0,223.2700042724609,210.66000366210932,220.32000732421875,213.2100067138672,209.2100067138672,205.75,206.27999877929688,212.6714324951172,SELL
2024-08-21 00:00:00-04:00,222.6699981689453,224.66000366210932,218.8600006103516,223.2700042724609,70146000,0.0,0.0,207.27428654262,214.60382503391375,54.53638508780398,1.9490602750742416,221.1000061035156,222.72000122070312,216.1199951171875,214.13999938964844,201.3800048828125,207.8300018310547,197.4900054931641,210.66000366210932,220.32000732421875,213.2100067138672,209.2100067138672,205.75,206.27999877929688,214.1100006103516,211.36286054338728,SELL
2024-08-22 00:00:00-04:00,223.82000732421875,224.8000030517578,210.32000732421875,210.66000366210932,79514500,0.0,0.0,207.48785836356024,214.07798218433985,47.47899374189876,1.3682290811077429,223.2700042724609,221.1000061035156,222.72000122070312,216.1199951171875,214.13999938964844,201.3800048828125,207.8300018310547,220.32000732421875,213.2100067138672,209.2100067138672,205.75,206.27999877929688,214.1100006103516,210.6000061035156,211.35428946358817,HOLD
2024-08-23 00:00:00-04:00,214.4600067138672,221.47999572753903,214.2100067138672,220.32000732421875,81525200,0.0,0.0,209.019287109375,214.9102522029904,52.54522108172431,1.572708363967843,210.66000366210932,223.2700042724609,221.1000061035156,222.72000122070312,216.1199951171875,214.13999938964844,201.3800048828125,213.2100067138672,209.2100067138672,205.75,206.27999877929688,214.1100006103516,210.6000061035156,219.41000366210932,211.2242889404297,SELL
2024-08-26 00:00:00-04:00,218.75,219.08999633789065,211.009994506836,213.2100067138672,59301200,0.0,0.0,209.91714477539065,214.6835528044406,48.813025510986144,1.1848788824488068,220.32000732421875,210.66000366210932,223.2700042724609,221.1000061035156,222.72000122070312,216.1199951171875,214.13999938964844,209.2100067138672,205.75,206.27999877929688,214.1100006103516,210.6000061035156,219.41000366210932,230.1699981689453,213.6471448625837,HOLD
2024-08-27 00:00:00-04:00,213.25,215.66000366210932,206.94000244140625,209.2100067138672,62821400,0.0,0.0,211.16357421875,213.95374665903083,46.79909864813856,0.6419047993983271,213.2100067138672,220.32000732421875,210.66000366210932,223.2700042724609,221.1000061035156,222.72000122070312,216.1199951171875,205.75,206.27999877929688,214.1100006103516,210.6000061035156,219.41000366210932,230.1699981689453,210.72999572753903,213.8642861502511,BUY
2024-08-28 00:00:00-04:00,209.72000122070312,211.83999633789065,202.58999633789065,205.75,64116400,0.0,0.0,211.65714590890067,212.85991377116005,45.06701679162409,0.0631507635303663,209.2100067138672,213.2100067138672,220.32000732421875,210.66000366210932,223.2700042724609,221.1000061035156,222.72000122070312,206.27999877929688,214.1100006103516,210.6000061035156,219.41000366210932,230.1699981689453,210.72999572753903,216.2700042724609,215.36714390345983,BUY
2024-08-29 00:00:00-04:00,209.8000030517578,214.88999938964844,205.97000122070312,206.27999877929688,62308800,0.0,0.0,212.105717250279,211.98259177224497,45.40036892838224,-0.2532013148555905,205.75,209.2100067138672,213.2100067138672,220.32000732421875,210.66000366210932,223.2700042724609,221.1000061035156,214.1100006103516,210.6000061035156,219.41000366210932,230.1699981689453,210.72999572753903,216.2700042724609,226.1699981689453,218.2085723876953,BUY
2024-08-30 00:00:00-04:00,208.6300048828125,214.57000732421875,207.02999877929688,214.1100006103516,63370600,0.0,0.0,213.29285975864957,212.26624628399253,50.20769890735913,0.0779450064723825,206.27999877929688,205.75,209.2100067138672,213.2100067138672,220.32000732421875,210.66000366210932,223.2700042724609,210.6000061035156,219.41000366210932,230.1699981689453,210.72999572753903,216.2700042724609,226.1699981689453,228.1300048828125,220.21143014090399,BUY
2024-09-03 00:00:00-04:00,215.259994506836,219.8999938964844,209.63999938964844,210.6000061035156,76714200,0.0,0.0,213.4907172066825,212.04408092659563,48.1606156251164,0.0737018168337437,214.1100006103516,206.27999877929688,205.75,209.2100067138672,213.2100067138672,220.32000732421875,210.66000366210932,219.41000366210932,230.1699981689453,210.72999572753903,216.2700042724609,226.1699981689453,228.1300048828125,229.8099975585937,222.9557146344866,BUY
2024-09-04 00:00:00-04:00,210.58999633789065,222.22000122070312,210.57000732421875,219.41000366210932,80651800,0.0,0.0,214.77857426234652,213.02620395799747,53.30666685473626,0.6455305448271109,210.6000061035156,214.1100006103516,206.27999877929688,205.75,209.2100067138672,213.2100067138672,220.32000732421875,230.1699981689453,210.72999572753903,216.2700042724609,226.1699981689453,228.1300048828125,229.8099975585937,230.2899932861328,224.50999886648995,BUY
2024-09-05 00:00:00-04:00,223.4900054931641,235.0,222.25,230.1699981689453,119355000,0.0,0.0,215.92357417515345,215.31204318612384,58.69920939891387,1.6714267386003376,219.41000366210932,210.6000061035156,214.1100006103516,206.27999877929688,205.75,209.2100067138672,213.2100067138672,210.72999572753903,216.2700042724609,226.1699981689453,228.1300048828125,229.8099975585937,230.2899932861328,226.77999877929688,224.02571323939733,SELL
2024-09-06 00:00:00-04:00,232.6000061035156,233.6000061035156,210.509994506836,210.72999572753903,112177000,0.0,0.0,215.53857421875,214.7011035249792,47.92936704714988,0.99704167731557,230.1699981689453,219.41000366210932,210.6000061035156,214.1100006103516,206.27999877929688,205.75,209.2100067138672,216.2700042724609,226.1699981689453,228.1300048828125,229.8099975585937,230.2899932861328,226.77999877929688,227.8699951171875,226.47428458077567,BUY
2024-09-09 00:00:00-04:00,216.1999969482422,219.8699951171875,213.6699981689453,216.2700042724609,67443500,0.0,0.0,215.07786015101843,214.9102902913101,50.70510124488838,0.8841991281868601,210.72999572753903,230.1699981689453,219.41000366210932,210.6000061035156,214.1100006103516,206.27999877929688,205.75,226.1699981689453,228.1300048828125,229.8099975585937,230.2899932861328,226.77999877929688,227.8699951171875,227.1999969482422,228.03571210588728,BUY
2024-09-10 00:00:00-04:00,220.07000732421875,226.3999938964844,218.63999938964844,226.1699981689453,78891100,0.0,0.0,215.44000244140625,216.4115846749948,55.29161956571712,1.4054647504278217,216.2700042724609,210.72999572753903,230.1699981689453,219.41000366210932,210.6000061035156,214.1100006103516,206.27999877929688,228.1300048828125,229.8099975585937,230.2899932861328,226.77999877929688,227.8699951171875,227.1999969482422,243.9199981689453,230.57142639160156,BUY
2024-09-11 00:00:00-04:00,224.5500030517578,228.47000122070312,216.8000030517578,228.1300048828125,83548600,0.0,0.0,215.78714534214564,217.97404070270383,56.161273367886025,1.7869367132987664,226.1699981689453,216.2700042724609,210.72999572753903,230.1699981689453,219.41000366210932,210.6000061035156,214.1100006103516,229.8099975585937,230.2899932861328,226.77999877929688,227.8699951171875,227.1999969482422,243.9199981689453,238.25,232.0171399797712,BUY
2024-09-12 00:00:00-04:00,224.66000366210932,231.4499969482422,223.8300018310547,229.8099975585937,72020000,0.0,0.0,217.1550020490374,219.55216828348915,56.93452564952747,2.038848696107045,228.1300048828125,226.1699981689453,216.2700042724609,210.72999572753903,230.1699981689453,219.41000366210932,210.6000061035156,230.2899932861328,226.77999877929688,227.8699951171875,227.1999969482422,243.9199981689453,238.25,250.0,234.90142604282923,BUY
2024-09-13 00:00:00-04:00,228.0,232.6699981689453,226.32000732421875,230.2899932861328,59515100,0.0,0.0,217.86714390345983,220.98387828384165,57.166990095538615,2.11512140058208,229.8099975585937,228.1300048828125,226.1699981689453,216.2700042724609,210.72999572753903,230.1699981689453,219.41000366210932,226.77999877929688,227.8699951171875,227.1999969482422,243.9199981689453,238.25,250.0,254.2700042724609,238.32714189801897,BUY
2024-09-16 00:00:00-04:00,229.3000030517578,229.9600067138672,223.52999877929688,226.77999877929688,54323000,0.0,0.0,218.8364290509905,221.75669434990235,54.83596708828117,1.8178558219627663,230.2899932861328,229.8099975585937,228.1300048828125,226.1699981689453,216.2700042724609,210.72999572753903,230.1699981689453,227.8699951171875,227.1999969482422,243.9199981689453,238.25,250.0,254.2700042724609,257.0199890136719,242.6471405029297,BUY
2024-09-17 00:00:00-04:00,229.4499969482422,234.57000732421875,226.5500030517578,227.8699951171875,66761600,0.0,0.0,220.1692853655134,222.5718011188737,55.443563180075486,1.5914642451387069,226.77999877929688,230.2899932861328,229.8099975585937,228.1300048828125,226.1699981689453,216.2700042724609,210.72999572753903,227.1999969482422,243.9199981689453,238.25,250.0,254.2700042724609,257.0199890136719,254.22000122070312,246.4114270891462,BUY
2024-09-18 00:00:00-04:00,230.08999633789065,235.67999267578125,226.8800048828125,227.1999969482422,78010200,0.0,0.0,221.70142800467357,223.1888938961229,54.9541719470298,1.3054169334408332,227.8699951171875,226.77999877929688,230.2899932861328,229.8099975585937,228.1300048828125,226.1699981689453,216.2700042724609,243.9199981689453,238.25,250.0,254.2700042724609,257.0199890136719,254.22000122070312,260.4599914550781,251.16285487583704,BUY
2024-09-19 00:00:00-04:00,234.0,244.2400054931641,232.1300048828125,243.9199981689453,102694600,0.0,0.0,224.38999938964844,225.9530411324992,63.591110938157335,2.1037874611856364,227.1999969482422,227.8699951171875,226.77999877929688,230.2899932861328,229.8099975585937,228.1300048828125,226.1699981689453,238.25,250.0,254.2700042724609,257.0199890136719,254.22000122070312,260.4599914550781,261.6300048828125,253.69285583496094,BUY
2024-09-20 00:00:00-04:00,241.5200042724609,243.9900054931641,235.9199981689453,238.25,99879100,0.0,0.0,226.1142850603376,227.592635648166,59.42970440638947,2.1063257686164807,243.9199981689453,227.1999969482422,227.8699951171875,226.77999877929688,230.2899932861328,229.8099975585937,228.1300048828125,250.0,254.2700042724609,257.0199890136719,254.22000122070312,260.4599914550781,261.6300048828125,258.0199890136719,256.51713997977123,BUY
2024-09-23 00:00:00-04:00,242.6100006103516,250.0,241.9199981689453,250.0,86927200,0.0,0.0,228.92857033865792,230.58028422841053,64.5997013834494,2.716821640274322,238.25,243.9199981689453,227.1999969482422,227.8699951171875,226.77999877929688,230.2899932861328,229.8099975585937,254.2700042724609,257.0199890136719,254.22000122070312,260.4599914550781,261.6300048828125,258.0199890136719,249.0200042724609,256.3771405901228,BUY
2024-09-24 00:00:00-04:00,254.0800018310547,257.19000244140625,249.0500030517578,254.2700042724609,88491000,0.0,0.0,231.41857038225447,233.7389135676173,66.28132111261459,3.1928222939331734,250.0,238.25,243.9199981689453,227.1999969482422,227.8699951171875,226.77999877929688,230.2899932861328,257.0199890136719,254.22000122070312,260.4599914550781,261.6300048828125,258.0199890136719,249.0200042724609,240.66000366210932,254.43285478864397,HOLD
2024-09-25 00:00:00-04:00,252.5399932861328,257.04998779296875,252.27999877929688,257.0199890136719,65034300,0.0,0.0,233.3364268711635,236.84305696042452,67.3567960754851,3.4552900264460256,254.2700042724609,250.0,238.25,243.9199981689453,227.1999969482422,227.8699951171875,226.77999877929688,254.22000122070312,260.4599914550781,261.6300048828125,258.0199890136719,249.0200042724609,240.66000366210932,250.0800018310547,253.4414280482701,HOLD
2024-09-26 00:00:00-04:00,260.6000061035156,261.75,251.52999877929688,254.22000122070312,67142200,0.0,0.0,236.4428558349609,239.15998286179504,65.08069029364341,3.208098882271864,257.0199890136719,254.2700042724609,250.0,238.25,243.9199981689453,227.1999969482422,227.8699951171875,260.4599914550781,261.6300048828125,258.0199890136719,249.0200042724609,240.66000366210932,250.0800018310547,240.8300018310547,251.52857099260603,HOLD
2024-09-27 00:00:00-04:00,257.3800048828125,260.70001220703125,254.1199951171875,260.4599914550781,70988100,0.0,0.0,239.59928349086215,241.9999840075661,67.70021839709086,3.224019968548788,254.22000122070312,257.0199890136719,254.2700042724609,250.0,238.25,243.9199981689453,227.1999969482422,261.6300048828125,258.0199890136719,249.0200042724609,240.66000366210932,250.0800018310547,240.8300018310547,244.5,249.24857221330916,SELL
2024-09-30 00:00:00-04:00,259.0400085449219,264.8599853515625,255.7700042724609,261.6300048828125,80705700,0.0,0.0,242.13214111328125,244.61732012426563,68.1821876656843,3.073117824820496,260.4599914550781,254.22000122070312,257.0199890136719,254.2700042724609,250.0,238.25,243.9199981689453,258.0199890136719,249.0200042724609,240.66000366210932,250.0800018310547,240.8300018310547,244.5,241.0500030517578,246.3085719517299,SELL
2024-10-01 00:00:00-04:00,262.6700134277344,263.9800109863281,248.52999877929688,258.0199890136719,87397600,0.0,0.0,244.2671399797712,246.40434264285312,64.96128700385904,2.513510092299029,261.6300048828125,260.4599914550781,254.22000122070312,257.0199890136719,254.2700042724609,250.0,238.25,249.0200042724609,240.66000366210932,250.0800018310547,240.8300018310547,244.5,241.0500030517578,238.7700042724609,243.55857413155692,SELL
2024-10-02 00:00:00-04:00,247.5500030517578,251.16000366210932,241.5,249.0200042724609,93983900,0.0,0.0,245.639283316476,246.75309752680084,57.649563384229154,1.3773651573150918,258.0199890136719,261.6300048828125,260.4599914550781,254.22000122070312,257.0199890136719,254.2700042724609,250.0,240.66000366210932,250.0800018310547,240.8300018310547,244.5,241.0500030517578,238.7700042724609,217.8000030517578,239.09857395717077,SELL
2024-10-03 00:00:00-04:00,244.47999572753903,249.7899932861328,237.8099975585937,240.66000366210932,80729200,0.0,0.0,246.3799983433315,245.94068501150863,51.81546479407744,-0.0228805336022599,249.0200042724609,258.0199890136719,261.6300048828125,260.4599914550781,254.22000122070312,257.0199890136719,254.2700042724609,250.0800018310547,240.8300018310547,244.5,241.0500030517578,238.7700042724609,217.8000030517578,219.16000366210932,236.0271453857422,SELL
2024-10-04 00:00:00-04:00,246.69000244140625,250.9600067138672,244.5800018310547,250.0800018310547,86573200,0.0,0.0,248.0442842755999,246.49259392078145,57.085472705902085,-0.3805261348026292,240.66000366210932,249.0200042724609,258.0199890136719,261.6300048828125,260.4599914550781,254.22000122070312,257.0199890136719,240.8300018310547,244.5,241.0500030517578,238.7700042724609,217.8000030517578,219.16000366210932,219.57000732421875,231.6685747419085,SELL
2024-10-07 00:00:00-04:00,249.0,249.8300018310547,240.6999969482422,240.8300018310547,68113300,0.0,0.0,248.9699990408761,245.7375816421512,51.167494732431486,-1.256550195480845,250.0800018310547,240.66000366210932,249.0200042724609,258.0199890136719,261.6300048828125,260.4599914550781,254.22000122070312,244.5,241.0500030517578,238.7700042724609,217.8000030517578,219.16000366210932,219.57000732421875,221.3300018310547,228.8828604561942,SELL
2024-10-08 00:00:00-04:00,243.5599975585937,246.2100067138672,240.5599975585937,244.5,56303200,0.0,0.0,250.20571354457311,245.57257075653104,53.23879122641871,-1.5841731713382077,240.8300018310547,250.0800018310547,240.66000366210932,249.0200042724609,258.0199890136719,261.6300048828125,260.4599914550781,241.0500030517578,238.7700042724609,217.8000030517578,219.16000366210932,219.57000732421875,221.3300018310547,220.88999938964844,225.51000322614397,SELL
2024-10-09 00:00:00-04:00,243.82000732421875,247.42999267578125,239.509994506836,241.0500030517578,66289500,0.0,0.0,250.00071389334545,244.969561729228,51.046797473482336,-2.0016652374279493,244.5,240.8300018310547,250.0800018310547,240.66000366210932,249.0200042724609,258.0199890136719,261.6300048828125,238.7700042724609,217.8000030517578,219.16000366210932,219.57000732421875,221.3300018310547,220.88999938964844,220.6999969482422,222.6028594970703,SELL
2024-10-10 00:00:00-04:00,241.8099975585937,242.7899932861328,232.33999633789065,238.7700042724609,83087100,0.0,0.0,250.0378570556641,244.14295406832568,49.5935586699552,-2.3743711344599943,241.0500030517578,244.5,240.8300018310547,250.0800018310547,240.66000366210932,249.0200042724609,258.0199890136719,217.8000030517578,219.16000366210932,219.57000732421875,221.3300018310547,220.88999938964844,220.6999969482422,218.8500061035156,219.75714547293526,SELL
2024-10-11 00:00:00-04:00,220.1300048828125,223.33999633789065,214.3800048828125,217.8000030517578,142628900,0.0,0.0,247.7378572736468,240.63056059945,38.68515206464168,-3.886808689844897,238.7700042724609,241.0500030517578,244.5,240.8300018310547,250.0800018310547,240.66000366210932,249.0200042724609,219.16000366210932,219.57000732421875,221.3300018310547,220.88999938964844,220.6999969482422,218.8500061035156,217.97000122070312,219.78143092564173,HOLD
2024-10-14 00:00:00-04:00,220.1300048828125,221.91000366210932,213.7400054931641,219.16000366210932,86291900,0.0,0.0,245.23000008719308,237.76781967447124,39.61284856719455,-4.600416119449335,217.8000030517578,238.7700042724609,241.0500030517578,244.5,240.8300018310547,250.0800018310547,240.66000366210932,219.57000732421875,221.3300018310547,220.88999938964844,220.6999969482422,218.8500061035156,217.97000122070312,213.6499938964844,218.9942866734096,HOLD
2024-10-15 00:00:00-04:00,220.009994506836,224.259994506836,217.1199951171875,219.57000732421875,62988800,0.0,0.0,242.55500139508928,235.3414446944376,39.908030666189205,-4.826065128451569,219.16000366210932,217.8000030517578,238.7700042724609,241.0500030517578,244.5,240.8300018310547,250.0800018310547,221.3300018310547,220.88999938964844,220.6999969482422,218.8500061035156,217.97000122070312,213.6499938964844,260.4800109863281,224.8385729108538,BUY
2024-10-16 00:00:00-04:00,221.3999938964844,222.82000732421875,218.92999267578125,221.3300018310547,49632800,0.0,0.0,240.2057157244001,233.4732523126532,41.2359313372169,-4.636889518300696,219.57000732421875,219.16000366210932,217.8000030517578,238.7700042724609,241.0500030517578,244.5,240.8300018310547,220.88999938964844,220.6999969482422,218.8500061035156,217.97000122070312,213.6499938964844,260.4800109863281,269.19000244140625,231.67571585518974,BUY
2024-10-17 00:00:00-04:00,221.58999633789065,222.0800018310547,217.8999938964844,220.88999938964844,50791800,0.0,0.0,237.37928771972656,231.79548525625256,40.99205073638732,-4.32745702791921,221.3300018310547,219.57000732421875,219.16000366210932,217.8000030517578,238.7700042724609,241.0500030517578,244.5,220.6999969482422,218.8500061035156,217.97000122070312,213.6499938964844,260.4800109863281,269.19000244140625,262.510009765625,237.6214316231864,BUY
2024-10-18 00:00:00-04:00,220.7100067138672,222.27999877929688,219.22999572753903,220.6999969482422,49611900,0.0,0.0,234.4557157244001,230.3160868151845,40.879616896229344,-3.933053251355262,220.88999938964844,221.3300018310547,219.57000732421875,219.16000366210932,217.8000030517578,238.7700042724609,241.0500030517578,218.8500061035156,217.97000122070312,213.6499938964844,260.4800109863281,269.19000244140625,262.510009765625,259.5199890136719,243.16714477539062,BUY
2024-10-21 00:00:00-04:00,218.8999938964844,220.47999572753903,215.72999572753903,218.8500061035156,47329000,0.0,0.0,231.6578598022461,228.78727605362863,39.73677770147079,-3.60303877439792,220.6999969482422,220.88999938964844,221.3300018310547,219.57000732421875,219.16000366210932,217.8000030517578,238.7700042724609,217.97000122070312,213.6499938964844,260.4800109863281,269.19000244140625,262.510009765625,259.5199890136719,257.54998779296875,248.69571358816964,BUY
2024-10-22 00:00:00-04:00,217.3099975585937,218.22000122070312,215.259994506836,217.97000122070312,43268700,0.0,0.0,229.44000244140625,227.34497274257197,39.17573534173605,-3.260567874999211,218.8500061035156,220.6999969482422,220.88999938964844,221.3300018310547,219.57000732421875,219.16000366210932,217.8000030517578,213.6499938964844,260.4800109863281,269.19000244140625,262.510009765625,259.5199890136719,257.54998779296875,249.8500061035156,253.25,BUY
2024-10-23 00:00:00-04:00,217.1300048828125,218.72000122070312,212.1100006103516,213.6499938964844,80938900,0.0,0.0,227.5107160295759,225.5189755630936,36.454662474186925,-3.1403438473935124,217.97000122070312,218.8500061035156,220.6999969482422,220.88999938964844,221.3300018310547,219.57000732421875,219.16000366210932,260.4800109863281,269.19000244140625,262.510009765625,259.5199890136719,257.54998779296875,249.8500061035156,248.97999572753903,258.2971431187221,BUY
2024-10-24 00:00:00-04:00,244.67999267578125,262.1199951171875,242.6499938964844,260.4800109863281,204491900,0.0,0.0,228.25357382638117,230.1804469528582,64.90881175793008,0.1057103455982861,213.6499938964844,217.97000122070312,218.8500061035156,220.6999969482422,220.88999938964844,221.3300018310547,219.57000732421875,269.19000244140625,262.510009765625,259.5199890136719,257.54998779296875,249.8500061035156,248.97999572753903,242.83999633789065,255.77714102608817,SELL
2024-10-25 00:00:00-04:00,256.010009765625,269.489990234375,255.32000732421875,269.19000244140625,161611900,0.0,0.0,230.279288155692,235.38172101799796,67.79706620124401,2.7078388882728888,260.4800109863281,213.6499938964844,217.97000122070312,218.8500061035156,220.6999969482422,220.88999938964844,221.3300018310547,262.510009765625,259.5199890136719,257.54998779296875,249.8500061035156,248.97999572753903,242.83999633789065,251.44000244140625,253.2414267403739,SELL
2024-10-28 00:00:00-04:00,270.0,273.5400085449219,262.239990234375,262.510009765625,107653600,0.0,0.0,231.5657174246652,238.99882618434825,63.48159570892681,3.781634884232756,269.19000244140625,260.4800109863281,213.6499938964844,217.97000122070312,218.8500061035156,220.6999969482422,220.88999938964844,259.5199890136719,257.54998779296875,249.8500061035156,248.97999572753903,242.83999633789065,251.44000244140625,288.5299987792969,256.95856802804127,SELL
2024-10-29 00:00:00-04:00,264.510009765625,264.9800109863281,255.509994506836,259.5199890136719,80521800,0.0,0.0,232.88500213623047,241.73498122825805,61.5917654313313,4.068077765045778,262.510009765625,269.19000244140625,260.4800109863281,213.6499938964844,217.97000122070312,218.8500061035156,220.6999969482422,257.54998779296875,249.8500061035156,248.97999572753903,242.83999633789065,251.44000244140625,288.5299987792969,296.9100036621094,262.29999869210377,HOLD
2024-10-30 00:00:00-04:00,258.0400085449219,263.3500061035156,255.82000732421875,257.54998779296875,53993600,0.0,0.0,234.22642953055245,243.8436487702195,60.31768567969093,3.901830449131483,259.5199890136719,262.510009765625,269.19000244140625,260.4800109863281,213.6499938964844,217.97000122070312,218.8500061035156,249.8500061035156,248.97999572753903,242.83999633789065,251.44000244140625,288.5299987792969,296.9100036621094,321.2200012207031,271.39571489606584,BUY
2024-10-31 00:00:00-04:00,257.989990234375,259.75,249.25,249.8500061035156,66575300,0.0,0.0,236.51571546282085,244.64449641465896,55.48634196211805,3.0859936188966817,257.54998779296875,259.5199890136719,262.510009765625,269.19000244140625,260.4800109863281,213.6499938964844,217.97000122070312,248.97999572753903,242.83999633789065,251.44000244140625,288.5299987792969,296.9100036621094,321.2200012207031,350.0,285.7028568812779,BUY
2024-11-01 00:00:00-04:00,252.0399932861328,254.0,246.6300048828125,248.97999572753903,57544800,0.0,0.0,238.64571489606584,245.22256298970964,54.95077166299312,2.3346133899511883,249.8500061035156,257.54998779296875,259.5199890136719,262.510009765625,269.19000244140625,260.4800109863281,213.6499938964844,242.83999633789065,251.44000244140625,288.5299987792969,296.9100036621094,321.2200012207031,350.0,328.489990234375,297.0614275251116,BUY
2024-11-04 00:00:00-05:00,244.5599975585937,248.8999938964844,238.8800048828125,242.83999633789065,68802400,0.0,0.0,240.307856968471,244.9048874361338,51.195102031072665,1.3213824598035906,248.97999572753903,249.8500061035156,257.54998779296875,259.5199890136719,262.510009765625,269.19000244140625,260.4800109863281,251.44000244140625,288.5299987792969,296.9100036621094,321.2200012207031,350.0,328.489990234375,330.239990234375,309.5471409388951,BUY
2024-11-05 00:00:00-05:00,247.33999633789065,255.27999877929688,246.2100067138672,251.44000244140625,69282500,0.0,0.0,242.45857129778184,245.7762361035035,55.75631160094532,1.1348048399958226,242.83999633789065,248.97999572753903,249.8500061035156,257.54998779296875,259.5199890136719,262.510009765625,269.19000244140625,288.5299987792969,296.9100036621094,321.2200012207031,350.0,328.489990234375,330.239990234375,311.17999267578125,318.08142525809154,BUY
2024-11-06 00:00:00-05:00,284.6700134277344,289.5899963378906,275.6199951171875,288.5299987792969,165228700,0.0,0.0,247.28999982561385,251.4767377936093,69.14815737967105,3.291716376476426,251.44000244140625,242.83999633789065,248.97999572753903,249.8500061035156,257.54998779296875,259.5199890136719,262.510009765625,296.9100036621094,321.2200012207031,350.0,328.489990234375,330.239990234375,311.17999267578125,320.7200012207031,322.6799970354353,BUY
2024-11-07 00:00:00-05:00,288.8900146484375,299.75,285.5199890136719,296.9100036621094,117309200,0.0,0.0,252.7335717337472,257.534506576076,71.26447303559311,4.9647055779635,288.5299987792969,251.44000244140625,242.83999633789065,248.97999572753903,249.8500061035156,257.54998779296875,259.5199890136719,321.2200012207031,350.0,328.489990234375,330.239990234375,311.17999267578125,320.7200012207031,338.739990234375,328.6557094029018,BUY
2024-11-08 00:00:00-05:00,299.1400146484375,328.7099914550781,297.6600036621094,321.2200012207031,204782800,0.0,0.0,260.0457142421177,266.02590586202626,76.33575076186987,7.251980125516672,296.9100036621094,288.5299987792969,251.44000244140625,242.83999633789065,248.97999572753903,249.8500061035156,257.54998779296875,350.0,328.489990234375,330.239990234375,311.17999267578125,320.7200012207031,338.739990234375,346.0,332.1957092285156,BUY
2024-11-11 00:00:00-05:00,346.29998779296875,358.6400146484375,336.0,350.0,210521600,0.0,0.0,269.4764284406389,277.22245174708945,80.68229658660923,10.073110421511164,321.2200012207031,296.9100036621094,288.5299987792969,251.44000244140625,242.83999633789065,248.97999572753903,249.8500061035156,328.489990234375,330.239990234375,311.17999267578125,320.7200012207031,338.739990234375,346.0,342.0299987792969,331.057137625558,SELL
2024-11-12 00:00:00-05:00,342.739990234375,345.8399963378906,323.3099975585937,328.489990234375,155726000,0.0,0.0,277.67928532191684,284.0581235453942,70.29066578459654,9.8486133313726,350.0,321.2200012207031,296.9100036621094,288.5299987792969,251.44000244140625,242.83999633789065,248.97999572753903,330.239990234375,311.17999267578125,320.7200012207031,338.739990234375,346.0,342.0299987792969,339.6400146484375,332.6499982561384,HOLD
2024-11-13 00:00:00-05:00,335.8500061035156,344.6000061035156,322.5,330.239990234375,125405600,0.0,0.0,282.6621409824916,290.2157057705916,70.62218376740883,9.188897009308697,328.489990234375,350.0,321.2200012207031,296.9100036621094,288.5299987792969,251.44000244140625,242.83999633789065,311.17999267578125,320.7200012207031,338.739990234375,346.0,342.0299987792969,339.6400146484375,352.5599975585937,335.8385707310268,BUY
2024-11-14 00:00:00-05:00,327.69000244140625,329.9800109863281,310.3699951171875,311.17999267578125,120726100,0.0,0.0,285.6614259992327,293.0109440246169,62.448702583560696,6.941988340756065,330.239990234375,328.489990234375,350.0,321.2200012207031,296.9100036621094,288.5299987792969,251.44000244140625,320.7200012207031,338.739990234375,346.0,342.0299987792969,339.6400146484375,352.5599975585937,338.5899963378906,339.75428553989957,BUY
2024-11-15 00:00:00-05:00,310.57000732421875,324.67999267578125,309.2200012207031,320.7200012207031,114440300,0.0,0.0,289.8192825317383,296.70548498409505,64.65375928595367,5.627408302744669,311.17999267578125,330.239990234375,328.489990234375,350.0,321.2200012207031,296.9100036621094,288.5299987792969,338.739990234375,346.0,342.0299987792969,339.6400146484375,352.5599975585937,338.5899963378906,338.2300109863281,342.2557155064174,BUY
2024-11-18 00:00:00-05:00,340.7300109863281,348.54998779296875,330.010009765625,338.739990234375,126547500,0.0,0.0,295.4778540475028,302.3100856841324,68.42534413449343,5.4944527868879725,320.7200012207031,311.17999267578125,330.239990234375,328.489990234375,350.0,321.2200012207031,296.9100036621094,346.0,342.0299987792969,339.6400146484375,352.5599975585937,338.5899963378906,338.2300109863281,332.8900146484375,341.42000470842635,HOLD
2024-11-19 00:00:00-05:00,335.760009765625,347.3800048828125,332.75,346.0,88852500,0.0,0.0,301.7957120622908,308.1354075929148,69.82245824067218,5.409886669834812,338.739990234375,320.7200012207031,311.17999267578125,330.239990234375,328.489990234375,350.0,321.2200012207031,342.0299987792969,339.6400146484375,352.5599975585937,338.5899963378906,338.2300109863281,332.8900146484375,345.1600036621094,341.3000052315848,HOLD
2024-11-20 00:00:00-05:00,345.0,346.6000061035156,334.29998779296875,342.0299987792969,66340700,0.0,0.0,308.379997253418,312.65468641776573,68.04927000519426,4.63107989426581,346.0,338.739990234375,320.7200012207031,311.17999267578125,330.239990234375,328.489990234375,350.0,339.6400146484375,352.5599975585937,338.5899963378906,338.2300109863281,332.8900146484375,345.1600036621094,357.0899963378906,343.45143345424106,HOLD
2024-11-21 00:00:00-05:00,343.8099975585937,347.989990234375,335.2799987792969,339.6400146484375,58011700,0.0,0.0,314.855712890625,316.2527301818553,66.9470202316725,3.548240693323738,342.0299987792969,346.0,338.739990234375,320.7200012207031,311.17999267578125,330.239990234375,328.489990234375,352.5599975585937,338.5899963378906,338.2300109863281,332.8900146484375,345.1600036621094,357.0899963378906,351.4200134277344,345.13429042271207,BUY
2024-11-22 00:00:00-05:00,341.0899963378906,361.5299987792969,337.70001220703125,352.5599975585937,89140700,0.0,0.0,322.69285583496094,321.09369916542045,69.79530020601963,3.3005632498727597,339.6400146484375,342.0299987792969,346.0,338.739990234375,320.7200012207031,311.17999267578125,330.239990234375,338.5899963378906,338.2300109863281,332.8900146484375,345.1600036621094,357.0899963378906,351.4200134277344,357.92999267578125,345.9014325823103,SELL
2024-11-25 00:00:00-05:00,360.1400146484375,361.9299926757813,338.20001220703125,338.5899963378906,95890900,0.0,0.0,328.9178553989955,323.42653878841645,63.43043864976866,1.865754058491252,352.5599975585937,339.6400146484375,342.0299987792969,346.0,338.739990234375,320.7200012207031,311.17999267578125,338.2300109863281,332.8900146484375,345.1600036621094,357.0899963378906,351.4200134277344,357.92999267578125,369.489990234375,350.3157174246652,BUY
2024-11-26 00:00:00-05:00,341.0,346.9599914550781,335.6600036621094,338.2300109863281,62295900,0.0,0.0,332.46785627092635,325.4003350814714,63.27032222046786,0.6263957411799872,338.5899963378906,352.5599975585937,339.6400146484375,342.0299987792969,346.0,338.739990234375,320.7200012207031,332.8900146484375,345.1600036621094,357.0899963378906,351.4200134277344,357.92999267578125,369.489990234375,389.2200012207031,357.6000017438616,BUY
2024-11-27 00:00:00-05:00,341.79998779296875,342.54998779296875,326.5899963378906,332.8900146484375,57896400,0.0,0.0,335.03785705566406,326.39895902373354,60.81781763850134,-0.7447288933754805,338.2300109863281,338.5899963378906,352.5599975585937,339.6400146484375,342.0299987792969,346.0,338.739990234375,345.1600036621094,357.0899963378906,351.4200134277344,357.92999267578125,369.489990234375,389.2200012207031,389.7900085449219,365.7285723005022,BUY
2024-11-29 00:00:00-05:00,336.0799865722656,345.45001220703125,334.6499938964844,345.1600036621094,37167600,0.0,0.0,336.7478572300502,328.90043164218366,64.24714112539809,-1.0010399710312186,332.8900146484375,338.2300109863281,338.5899963378906,352.5599975585937,339.6400146484375,342.0299987792969,346.0,357.0899963378906,351.4200134277344,357.92999267578125,369.489990234375,389.2200012207031,389.7900085449219,400.989990234375,373.70428466796875,BUY
2024-12-02 00:00:00-05:00,352.3800048828125,360.0,351.1499938964844,357.0899963378906,77986500,0.0,0.0,337.2542855398996,332.6590402682779,67.2485872807941,-0.5645874579323404,345.1600036621094,332.8900146484375,338.2300109863281,338.5899963378906,352.5599975585937,339.6400146484375,342.0299987792969,351.4200134277344,357.92999267578125,369.489990234375,389.2200012207031,389.7900085449219,400.989990234375,424.7699890136719,383.3728550502232,BUY
2024-12-03 00:00:00-05:00,351.79998779296875,355.69000244140625,348.20001220703125,351.4200134277344,58267200,0.0,0.0,338.8921443394252,335.1605033562055,64.47808709974161,-0.8387062252712276,357.0899963378906,345.1600036621094,332.8900146484375,338.2300109863281,338.5899963378906,352.5599975585937,339.6400146484375,357.92999267578125,369.489990234375,389.2200012207031,389.7900085449219,400.989990234375,424.7699890136719,418.1000061035156,392.8985682896205,BUY
2024-12-04 00:00:00-05:00,353.0,358.1000061035156,348.6000061035156,357.92999267578125,50810900,0.0,0.0,340.87000165666853,338.19643526548225,66.19986070278871,-0.7646192349271743,351.4200134277344,357.0899963378906,345.1600036621094,332.8900146484375,338.2300109863281,338.5899963378906,352.5599975585937,369.489990234375,389.2200012207031,389.7900085449219,400.989990234375,424.7699890136719,418.1000061035156,436.2300109863281,404.0842851911272,BUY
2024-12-05 00:00:00-05:00,359.8699951171875,375.4299926757813,359.5,369.489990234375,81403600,0.0,0.0,345.0350014822824,342.36890926133464,69.06709528168096,-0.152144291272311,357.92999267578125,351.4200134277344,357.0899963378906,345.1600036621094,332.8900146484375,338.2300109863281,338.5899963378906,389.2200012207031,389.7900085449219,400.989990234375,424.7699890136719,418.1000061035156,436.2300109863281,463.0199890136719,417.44571358816967,BUY
2024-12-06 00:00:00-05:00,377.4200134277344,389.489990234375,370.7999877929688,389.2200012207031,81455800,0.0,0.0,349.9278586251395,348.6157215225838,73.23955651301303,1.2874127805289248,369.489990234375,357.92999267578125,351.4200134277344,357.0899963378906,345.1600036621094,332.8900146484375,338.2300109863281,389.7900085449219,400.989990234375,424.7699890136719,418.1000061035156,436.2300109863281,463.0199890136719,479.8599853515625,430.39428274972096,BUY
2024-12-09 00:00:00-05:00,397.6099853515625,404.7999877929688,378.010009765625,389.7900085449219,96359200,0.0,0.0,353.5742885044643,354.1056264588956,73.35139310109902,1.9442239999524065,389.2200012207031,369.489990234375,357.92999267578125,351.4200134277344,357.0899963378906,345.1600036621094,332.8900146484375,400.989990234375,424.7699890136719,418.1000061035156,436.2300109863281,463.0199890136719,479.8599853515625,440.1300048828125,437.58571079799106,BUY
2024-12-10 00:00:00-05:00,392.6799926757813,409.7300109863281,390.8500061035156,400.989990234375,97563600,0.0,0.0,357.5021449497768,360.3568749622928,75.51652894995188,2.749943004620277,389.7900085449219,389.2200012207031,369.489990234375,357.92999267578125,351.4200134277344,357.0899963378906,345.1600036621094,424.7699890136719,418.1000061035156,436.2300109863281,463.0199890136719,479.8599853515625,440.1300048828125,436.1700134277344,442.6114283970424,BUY
2024-12-11 00:00:00-05:00,409.7000122070313,424.8800048828125,402.3800048828125,424.7699890136719,104287600,0.0,0.0,363.41214425223217,368.9452901691434,79.3523658711858,4.4033170277402505,400.989990234375,389.7900085449219,389.2200012207031,369.489990234375,357.92999267578125,351.4200134277344,357.0899963378906,418.1000061035156,436.2300109863281,463.0199890136719,479.8599853515625,440.1300048828125,436.1700134277344,421.05999755859375,442.0814296177455,BUY
2024-12-12 00:00:00-05:00,424.8399963378906,429.2999877929688,415.0,418.1000061035156,87752200,0.0,0.0,369.0164293561663,375.4992522937264,75.7667529917431,4.548029451339168,424.7699890136719,400.989990234375,389.7900085449219,389.2200012207031,369.489990234375,357.92999267578125,351.4200134277344,436.2300109863281,463.0199890136719,479.8599853515625,440.1300048828125,436.1700134277344,421.05999755859375,430.6000061035156,443.8671439034598,BUY
2024-12-13 00:00:00-05:00,420.0,436.2999877929688,415.7099914550781,436.2300109863281,89000200,0.0,0.0,374.9928588867188,383.5966867860733,78.59764306445317,5.311867352181881,418.1000061035156,424.7699890136719,400.989990234375,389.7900085449219,389.2200012207031,369.489990234375,357.92999267578125,463.0199890136719,479.8599853515625,440.1300048828125,436.1700134277344,421.05999755859375,430.6000061035156,462.2799987792969,447.5885707310268,BUY
2024-12-16 00:00:00-05:00,441.0899963378906,463.1900024414063,436.1499938964844,463.0199890136719,114083800,0.0,0.0,383.8807155064174,394.1864604164198,81.95258834150337,6.964271897394703,436.2300109863281,418.1000061035156,424.7699890136719,400.989990234375,389.7900085449219,389.2200012207031,369.489990234375,479.8599853515625,440.1300048828125,436.1700134277344,421.05999755859375,430.6000061035156,462.2799987792969,454.1300048828125,446.3185729980469,SELL
2024-12-17 00:00:00-05:00,475.8999938964844,483.989990234375,457.510009765625,479.8599853515625,131223000,0.0,0.0,393.99714224679127,405.60959707443885,83.68396942126017,8.436133453342045,463.0199890136719,436.2300109863281,418.1000061035156,424.7699890136719,400.989990234375,389.7900085449219,389.2200012207031,440.1300048828125,436.1700134277344,421.05999755859375,430.6000061035156,462.2799987792969,454.1300048828125,431.6600036621094,439.432861328125,SELL
2024-12-18 00:00:00-05:00,466.5,488.5400085449219,427.010009765625,440.1300048828125,149340800,0.0,0.0,401.65714154924666,410.2123181155554,67.28377080473675,6.088285329804322,479.8599853515625,463.0199890136719,436.2300109863281,418.1000061035156,424.7699890136719,400.989990234375,389.7900085449219,436.1700134277344,421.05999755859375,430.6000061035156,462.2799987792969,454.1300048828125,431.6600036621094,417.4100036621094,436.18714686802457,HOLD
2024-12-19 00:00:00-05:00,451.8800048828125,456.3599853515625,420.0199890136719,436.1700134277344,118566100,0.0,0.0,408.1578565325056,413.67334415717926,65.89753664542849,3.738275957345749,440.1300048828125,479.8599853515625,463.0199890136719,436.2300109863281,418.1000061035156,424.7699890136719,400.989990234375,421.05999755859375,430.6000061035156,462.2799987792969,454.1300048828125,431.6600036621094,417.4100036621094,403.8399963378906,431.5685729980469,HOLD
2024-12-20 00:00:00-05:00,425.510009765625,447.0799865722656,417.6400146484375,421.05999755859375,132216200,0.0,0.0,412.7271423339844,414.6582312773679,60.7540582284928,0.7900145337469766,436.1700134277344,440.1300048828125,479.8599853515625,463.0199890136719,436.2300109863281,418.1000061035156,424.7699890136719,430.6000061035156,462.2799987792969,454.1300048828125,431.6600036621094,417.4100036621094,403.8399963378906,379.2799987792969,425.6000017438616,HOLD
2024-12-23 00:00:00-05:00,431.0,434.510009765625,415.4100036621094,430.6000061035156,72698100,0.0,0.0,418.3828560965402,416.7838012541876,62.7319085430345,-0.8073605816143186,421.05999755859375,436.1700134277344,440.1300048828125,479.8599853515625,463.0199890136719,436.2300109863281,418.1000061035156,462.2799987792969,454.1300048828125,431.6600036621094,417.4100036621094,403.8399963378906,379.2799987792969,410.4400024414063,422.7200012207031,SELL
2024-12-24 00:00:00-05:00,435.8999938964844,462.7799987792969,435.1400146484375,462.2799987792969,59551800,0.0,0.0,425.836427961077,422.84996092420215,68.42294404036234,-0.0595270846352846,430.6000061035156,421.05999755859375,436.1700134277344,440.1300048828125,479.8599853515625,463.0199890136719,436.2300109863281,454.1300048828125,431.6600036621094,417.4100036621094,403.8399963378906,379.2799987792969,410.4400024414063,411.0499877929688,415.40142822265625,SELL
2024-12-26 00:00:00-05:00,465.1600036621094,465.3299865722656,451.0199890136719,454.1300048828125,76366400,0.0,0.0,431.8821432931082,427.0206334520169,65.64567989792127,-0.4226859499940758,462.2799987792969,430.6000061035156,421.05999755859375,436.1700134277344,440.1300048828125,479.8599853515625,463.0199890136719,431.6600036621094,417.4100036621094,403.8399963378906,379.2799987792969,410.4400024414063,411.0499877929688,394.3599853515625,406.86285400390625,SELL
2024-12-27 00:00:00-05:00,449.5199890136719,450.0,426.5,431.6600036621094,82666800,0.0,0.0,434.913572038923,427.639216146696,58.58520548182613,-2.376061943256694,454.1300048828125,462.2799987792969,430.6000061035156,421.05999755859375,436.1700134277344,440.1300048828125,479.8599853515625,417.4100036621094,403.8399963378906,379.2799987792969,410.4400024414063,411.0499877929688,394.3599853515625,394.9400024414063,401.6171395438058,SELL
2024-12-30 00:00:00-05:00,419.3999938964844,427.0,415.75,417.4100036621094,64941000,0.0,0.0,436.8864288330078,426.2753211487511,54.576278871510326,-4.693759227016351,431.6600036621094,454.1300048828125,462.2799987792969,430.6000061035156,421.05999755859375,436.1700134277344,440.1300048828125,403.8399963378906,379.2799987792969,410.4400024414063,411.0499877929688,394.3599853515625,394.9400024414063,394.739990234375,398.3785661969866,SELL
2024-12-31 00:00:00-05:00,423.7900085449219,427.9299926757813,402.5400085449219,403.8399963378906,76825100,0.0,0.0,437.0900006975447,423.28394450730303,50.99746864960304,-7.064214945445606,417.4100036621094,431.6600036621094,454.1300048828125,462.2799987792969,430.6000061035156,421.05999755859375,436.1700134277344,379.2799987792969,410.4400024414063,411.0499877929688,394.3599853515625,394.9400024414063,394.739990234375,403.30999755859375,398.30285208565846,HOLD
2025-01-02 00:00:00-05:00,390.1000061035156,392.7300109863281,373.0400085449219,379.2799987792969,109710700,0.0,0.0,433.8407156808036,417.41675174356885,45.2181049474205,-10.028730150205009,403.8399963378906,417.4100036621094,431.6600036621094,454.1300048828125,462.2799987792969,430.6000061035156,421.05999755859375,410.4400024414063,411.0499877929688,394.3599853515625,394.9400024414063,394.739990234375,403.30999755859375,396.3599853515625,400.7428501674107,BUY
2025-01-03 00:00:00-05:00,381.4800109863281,411.8800048828125,379.4500122070313,410.4400024414063,95423300,0.0,0.0,433.2935725620815,416.4865185032805,52.56324737305931,-9.631407736050257,379.2799987792969,403.8399963378906,417.4100036621094,431.6600036621094,454.1300048828125,462.2799987792969,430.6000061035156,411.0499877929688,394.3599853515625,394.9400024414063,394.739990234375,403.30999755859375,396.3599853515625,428.2200012207031,403.28284999302457,SELL
2025-01-06 00:00:00-05:00,423.2000122070313,426.4299926757813,401.7000122070313,411.0499877929688,85516500,0.0,0.0,431.4949994768416,415.7616477419057,52.69695582157473,-9.075457801174055,410.4400024414063,379.2799987792969,403.8399963378906,417.4100036621094,431.6600036621094,454.1300048828125,462.2799987792969,394.3599853515625,394.9400024414063,394.739990234375,403.30999755859375,396.3599853515625,428.2200012207031,413.8200073242188,403.6785670689174,SELL
2025-01-07 00:00:00-05:00,405.8299865722656,414.3299865722656,390.0,394.3599853515625,75699500,0.0,0.0,426.59071350097656,412.90809275652657,48.65584641630292,-9.532587024601373,411.0499877929688,410.4400024414063,379.2799987792969,403.8399963378906,417.4100036621094,431.6600036621094,454.1300048828125,394.9400024414063,394.739990234375,403.30999755859375,396.3599853515625,428.2200012207031,413.8200073242188,426.5,408.2699977329799,BUY
2025-01-08 00:00:00-05:00,392.9500122070313,402.5,387.3999938964844,394.9400024414063,73038800,0.0,0.0,420.5250004359654,410.5123473811772,48.80278319213204,-9.476872173943288,394.3599853515625,411.0499877929688,410.4400024414063,379.2799987792969,403.8399963378906,417.4100036621094,431.6600036621094,394.739990234375,403.30999755859375,396.3599853515625,428.2200012207031,413.8200073242188,426.5,424.0700073242188,412.4314270019531,BUY
2025-01-10 00:00:00-05:00,391.3999938964844,399.2799987792969,377.2900085449219,394.739990234375,62287300,0.0,0.0,417.2828565325056,408.40936642827023,48.75097204806468,-9.130817196402608,394.9400024414063,394.3599853515625,411.0499877929688,410.4400024414063,379.2799987792969,403.8399963378906,417.4100036621094,403.30999755859375,396.3599853515625,428.2200012207031,413.8200073242188,426.5,424.0700073242188,415.1099853515625,415.34142630440846,BUY
2025-01-13 00:00:00-05:00,383.2099914550781,403.7900085449219,380.0700073242188,403.30999755859375,67580500,0.0,0.0,414.9357125418527,407.7294505789801,51.14430521969505,-8.040430288421456,394.739990234375,394.9400024414063,394.3599853515625,411.0499877929688,410.4400024414063,379.2799987792969,403.8399963378906,396.3599853515625,428.2200012207031,413.8200073242188,426.5,424.0700073242188,415.1099853515625,412.3800048828125,416.6371416364397,BUY
2025-01-14 00:00:00-05:00,414.3399963378906,422.6400146484375,394.5400085449219,396.3599853515625,84565000,0.0,0.0,413.17142595563615,406.213521881991,49.14009808251876,-7.512796051891184,403.30999755859375,394.739990234375,394.9400024414063,394.3599853515625,411.0499877929688,410.4400024414063,379.2799987792969,428.2200012207031,413.8200073242188,426.5,424.0700073242188,415.1099853515625,412.3800048828125,406.5799865722656,418.0971418108259,BUY
2025-01-15 00:00:00-05:00,409.8999938964844,429.7999877929688,405.6600036621094,428.2200012207031,81375500,0.0,0.0,413.0014256068639,409.14771912715264,57.38448182849017,-4.871655239644575,396.3599853515625,403.30999755859375,394.739990234375,394.9400024414063,394.3599853515625,411.0499877929688,410.4400024414063,413.8200073242188,426.5,424.0700073242188,415.1099853515625,412.3800048828125,406.5799865722656,397.1499938964844,413.6585693359375,SELL
2025-01-16 00:00:00-05:00,423.489990234375,424.0,409.1300048828125,413.8200073242188,68335200,0.0,0.0,409.53999764578685,409.7706908867615,53.18789255298726,-3.985364680520586,428.2200012207031,396.3599853515625,403.30999755859375,394.739990234375,394.9400024414063,394.3599853515625,411.0499877929688,426.5,424.0700073242188,415.1099853515625,412.3800048828125,406.5799865722656,397.1499938964844,398.0899963378906,411.4114249093192,HOLD
2025-01-17 00:00:00-05:00,421.5,439.739990234375,419.75,426.5,94991400,0.0,0.0,407.5664258684431,412.0012654351933,56.22375366862212,-2.508176147070968,413.8200073242188,428.2200012207031,396.3599853515625,403.30999755859375,394.739990234375,394.9400024414063,394.3599853515625,424.0700073242188,415.1099853515625,412.3800048828125,406.5799865722656,397.1499938964844,398.0899963378906,389.1000061035156,406.06856863839283,SELL
2025-01-21 00:00:00-05:00,432.6400146484375,433.2000122070313,406.30999755859375,424.0700073242188,87320900,0.0,0.0,407.0242832728795,413.61043102039673,55.4811791635797,-1.6966281994365993,426.5,413.8200073242188,428.2200012207031,396.3599853515625,403.30999755859375,394.739990234375,394.9400024414063,415.1099853515625,412.3800048828125,406.5799865722656,397.1499938964844,398.0899963378906,389.1000061035156,400.2799987792969,402.6699959891183,SELL
2025-01-22 00:00:00-05:00,416.80999755859375,428.0,414.5899963378906,415.1099853515625,60963300,0.0,0.0,406.8599962506975,413.8103715978855,52.7164345530573,-1.7576978153528309,424.0700073242188,426.5,413.8200073242188,428.2200012207031,396.3599853515625,403.30999755859375,394.739990234375,412.3800048828125,406.5799865722656,397.1499938964844,398.0899963378906,389.1000061035156,400.2799987792969,404.6000061035156,401.1685703822545,SELL
2025-01-23 00:00:00-05:00,416.05999755859375,420.7300109863281,408.9500122070313,412.3800048828125,50690600,0.0,0.0,407.4699968610491,413.6196560358758,51.86833507906088,-1.9609130013788023,415.1099853515625,424.0700073242188,426.5,413.8200073242188,428.2200012207031,396.3599853515625,403.30999755859375,406.5799865722656,397.1499938964844,398.0899963378906,389.1000061035156,400.2799987792969,404.6000061035156,383.6799926757813,397.06856863839283,SELL
2025-01-24 00:00:00-05:00,414.4500122070313,418.8800048828125,405.7799987792969,406.5799865722656,56427100,0.0,0.0,409.4199959891183,412.6810334407278,50.02688997088464,-2.4340227265968712,412.3800048828125,415.1099853515625,424.0700073242188,426.5,413.8200073242188,428.2200012207031,396.3599853515625,397.1499938964844,398.0899963378906,389.1000061035156,400.2799987792969,404.6000061035156,383.6799926757813,392.2099914550781,395.01571219308033,SELL
2025-01-27 00:00:00-05:00,394.7999877929688,406.6900024414063,389.0,397.1499938964844,58125500,0.0,0.0,408.470709664481,410.61022816816205,47.09912644462707,-3.2776047802428305,406.5799865722656,412.3800048828125,415.1099853515625,424.0700073242188,426.5,413.8200073242188,428.2200012207031,398.0899963378906,389.1000061035156,400.2799987792969,404.6000061035156,383.6799926757813,392.2099914550781,378.1700134277344,392.30428641183033,HOLD
2025-01-28 00:00:00-05:00,396.9100036621094,400.5899963378906,386.5,398.0899963378906,48910700,0.0,0.0,407.5449959891183,408.9408639241259,47.429402972213616,-3.639910560435469,397.1499938964844,406.5799865722656,412.3800048828125,415.1099853515625,424.0700073242188,426.5,413.8200073242188,389.1000061035156,400.2799987792969,404.6000061035156,383.6799926757813,392.2099914550781,378.1700134277344,374.3200073242188,388.90857369559154,SELL
2025-01-29 00:00:00-05:00,395.2099914550781,398.5899963378906,384.4800109863281,389.1000061035156,68033600,0.0,0.0,407.1692831856864,406.2954162147112,44.56382488778887,-4.306981870468157,398.0899963378906,397.1499938964844,406.5799865722656,412.3800048828125,415.1099853515625,424.0700073242188,426.5,400.2799987792969,404.6000061035156,383.6799926757813,392.2099914550781,378.1700134277344,374.3200073242188,361.6199951171875,384.9828578404018,HOLD
2025-01-30 00:00:00-05:00,410.7799987792969,412.5,384.4100036621094,400.2799987792969,98092900,0.0,0.0,407.5507114955357,405.493360556656,48.713681550341306,-3.833087658496134,389.1000061035156,398.0899963378906,397.1499938964844,406.5799865722656,412.3800048828125,415.1099853515625,424.0700073242188,404.6000061035156,383.6799926757813,392.2099914550781,378.1700134277344,374.3200073242188,361.6199951171875,350.7300109863281,377.904288155692,SELL
2025-01-31 00:00:00-05:00,401.5299987792969,419.989990234375,401.3399963378906,404.6000061035156,83568200,0.0,0.0,408.25499834333147,405.3742466295706,50.26302207103696,-3.097952536004045,400.2799987792969,389.1000061035156,398.0899963378906,397.1499938964844,406.5799865722656,412.3800048828125,415.1099853515625,383.6799926757813,392.2099914550781,378.1700134277344,374.3200073242188,361.6199951171875,350.7300109863281,328.5,367.0328587123326,SELL
2025-02-03 00:00:00-05:00,386.6799926757813,389.1700134277344,374.3599853515625,383.6799926757813,93732100,0.0,0.0,406.8528551374164,402.4816794357321,43.42204973342592,-3.8413119683676777,404.6000061035156,400.2799987792969,389.1000061035156,398.0899963378906,397.1499938964844,406.5799865722656,412.3800048828125,392.2099914550781,378.1700134277344,374.3200073242188,361.6199951171875,350.7300109863281,328.5,336.510009765625,360.2942897251674,SELL
2025-02-04 00:00:00-05:00,382.6300048828125,394.0,381.3999938964844,392.2099914550781,57072200,0.0,0.0,406.5564270019532,401.1121210383116,46.61269781785612,-3.5842089092800515,383.6799926757813,404.6000061035156,400.2799987792969,389.1000061035156,398.0899963378906,397.1499938964844,406.5799865722656,378.1700134277344,374.3200073242188,361.6199951171875,350.7300109863281,328.5,336.510009765625,355.94000244140625,355.1128627232143,SELL
2025-02-05 00:00:00-05:00,387.510009765625,388.3900146484375,375.5299987792969,378.1700134277344,57223300,0.0,0.0,402.981427873884,398.05317335690125,42.37665349060323,-4.145707165033492,392.2099914550781,383.6799926757813,404.6000061035156,400.2799987792969,389.1000061035156,398.0899963378906,397.1499938964844,374.3200073242188,361.6199951171875,350.7300109863281,328.5,336.510009765625,355.94000244140625,355.8399963378906,351.922860281808,SELL
2025-02-06 00:00:00-05:00,373.0299987792969,375.3999938964844,363.1799926757813,374.3200073242188,77918200,0.0,0.0,400.15999930245545,394.88875121921023,41.26910939403729,-4.53110509182232,378.1700134277344,392.2099914550781,383.6799926757813,404.6000061035156,400.2799987792969,389.1000061035156,398.0899963378906,361.6199951171875,350.7300109863281,328.5,336.510009765625,355.94000244140625,355.8399963378906,354.1099853515625,349.0357142857143,SELL
2025-02-07 00:00:00-05:00,370.1900024414063,380.5499877929688,360.3399963378906,361.6199951171875,70298300,0.0,0.0,395.52571323939736,390.4529170722739,37.762979320989615,-5.340382957130209,374.3200073242188,378.1700134277344,392.2099914550781,383.6799926757813,404.6000061035156,400.2799987792969,389.1000061035156,350.7300109863281,328.5,336.510009765625,355.94000244140625,355.8399963378906,354.1099853515625,360.55999755859375,348.884286063058,SELL
2025-02-10 00:00:00-05:00,356.2099914550781,362.7000122070313,350.510009765625,350.7300109863281,77514900,0.0,0.0,390.2871420724051,385.1565295941479,35.01587177266771,-6.245233296741576,361.6199951171875,374.3200073242188,378.1700134277344,392.2099914550781,383.6799926757813,404.6000061035156,400.2799987792969,328.5,336.510009765625,355.94000244140625,355.8399963378906,354.1099853515625,360.55999755859375,354.3999938964844,349.4085693359375,HOLD
2025-02-11 00:00:00-05:00,345.79998779296875,349.3699951171875,325.1000061035156,328.5,118543400,0.0,0.0,384.10071454729353,377.6023256482615,30.188142416438158,-7.872012733284704,350.7300109863281,361.6199951171875,374.3200073242188,378.1700134277344,392.2099914550781,383.6799926757813,404.6000061035156,336.510009765625,355.94000244140625,355.8399963378906,354.1099853515625,360.55999755859375,354.3999938964844,337.79998779296875,350.7371390206473,BUY
2025-02-12 00:00:00-05:00,329.94000244140625,346.3999938964844,329.1199951171875,336.510009765625,105382700,0.0,0.0,378.6814291817801,372.1233501972433,33.73342260739071,-7.918215487953885,328.5,350.7300109863281,361.6199951171875,374.3200073242188,378.1700134277344,392.2099914550781,383.6799926757813,355.94000244140625,355.8399963378906,354.1099853515625,360.55999755859375,354.3999938964844,337.79998779296875,330.5299987792969,349.88285173688615,BUY
2025-02-13 00:00:00-05:00,345.0,358.69000244140625,342.8500061035156,355.94000244140625,89441500,0.0,0.0,375.0642874581473,369.965570496465,41.49482069726883,-6.224477529585826,336.510009765625,328.5,350.7300109863281,361.6199951171875,374.3200073242188,378.1700134277344,392.2099914550781,355.8399963378906,354.1099853515625,360.55999755859375,354.3999938964844,337.79998779296875,330.5299987792969,302.79998779296875,342.29142107282365,SELL
2025-02-14 00:00:00-05:00,360.6199951171875,362.0,347.5,355.8399963378906,68277300,0.0,0.0,372.1135733468192,368.0821606086551,41.46789939846846,-4.761139036170368,355.94000244140625,336.510009765625,328.5,350.7300109863281,361.6199951171875,374.3200073242188,378.1700134277344,354.1099853515625,360.55999755859375,354.3999938964844,337.79998779296875,330.5299987792969,302.79998779296875,290.79998779296875,332.999991280692,SELL
2025-02-18 00:00:00-05:00,355.010009765625,359.1000061035156,350.0199890136719,354.1099853515625,51631700,0.0,0.0,368.9721439906529,366.2192039077094,40.972673377859344,-3.612092590374486,355.8399963378906,355.94000244140625,336.510009765625,328.5,350.7300109863281,361.6199951171875,374.3200073242188,360.55999755859375,354.3999938964844,337.79998779296875,330.5299987792969,302.79998779296875,290.79998779296875,281.95001220703125,322.69142368861606,SELL
2025-02-19 00:00:00-05:00,354.0,367.3399963378906,353.6700134277344,360.55999755859375,67094400,0.0,0.0,366.9335719517299,365.46464306116064,43.67352277880784,-2.1900105647365056,354.1099853515625,355.8399963378906,355.94000244140625,336.510009765625,328.5,350.7300109863281,361.6199951171875,354.3999938964844,337.79998779296875,330.5299987792969,302.79998779296875,290.79998779296875,281.95001220703125,292.9800109863281,313.0371398925781,SELL
2025-02-20 00:00:00-05:00,361.510009765625,362.2999877929688,348.0,354.3999938964844,45965400,0.0,0.0,363.6564287458147,363.9893565058705,41.71061901962311,-1.4710932932962866,360.55999755859375,354.1099853515625,355.8399963378906,355.94000244140625,336.510009765625,328.5,350.7300109863281,337.79998779296875,330.5299987792969,302.79998779296875,290.79998779296875,281.95001220703125,292.9800109863281,284.6499938964844,303.0728541782924,SELL
2025-02-21 00:00:00-05:00,353.44000244140625,354.9800109863281,334.4200134277344,337.79998779296875,74058600,0.0,0.0,358.88499886649,360.4974406774836,36.897861908261945,-1.8934965454198345,354.3999938964844,360.55999755859375,354.1099853515625,355.8399963378906,355.94000244140625,336.510009765625,328.5,330.5299987792969,302.79998779296875,290.79998779296875,281.95001220703125,292.9800109863281,284.6499938964844,272.0400085449219,293.67857142857144,SELL
2025-02-24 00:00:00-05:00,338.1400146484375,342.3999938964844,324.70001220703125,330.5299987792969,76052300,0.0,0.0,355.0885707310268,356.5017817577254,34.993519147843145,-2.409378758500983,337.79998779296875,354.3999938964844,360.55999755859375,354.1099853515625,355.8399963378906,355.94000244140625,336.510009765625,302.79998779296875,290.79998779296875,281.95001220703125,292.9800109863281,284.6499938964844,272.0400085449219,279.1000061035156,286.3314296177455,SELL
2025-02-25 00:00:00-05:00,327.0199890136719,328.8900146484375,297.25,302.79998779296875,134228800,0.0,0.0,348.70214189801897,349.34154256242454,28.87243557039878,-4.25702771765247,330.5299987792969,337.79998779296875,354.3999938964844,360.55999755859375,354.1099853515625,355.8399963378906,355.94000244140625,290.79998779296875,281.95001220703125,292.9800109863281,284.6499938964844,272.0400085449219,279.1000061035156,263.45001220703125,280.7100045340402,SELL
2025-02-26 00:00:00-05:00,303.7099914550781,309.0,288.0400085449219,290.79998779296875,100118300,0.0,0.0,342.46142578125,341.5360019264971,26.69619944349309,-5.828990280847293,302.79998779296875,330.5299987792969,337.79998779296875,354.3999938964844,360.55999755859375,354.1099853515625,355.8399963378906,281.95001220703125,292.9800109863281,284.6499938964844,272.0400085449219,279.1000061035156,263.45001220703125,262.6700134277344,276.6914367675781,SELL
2025-02-27 00:00:00-05:00,291.1600036621094,297.2300109863281,280.8800048828125,281.95001220703125,101748200,0.0,0.0,335.8635689871652,333.591203297235,25.188317752389395,-6.931440429874158,290.79998779296875,302.79998779296875,330.5299987792969,337.79998779296875,354.3999938964844,360.55999755859375,354.1099853515625,292.9800109863281,284.6499938964844,272.0400085449219,279.1000061035156,263.45001220703125,262.6700134277344,222.1499938964844,268.14857700892856,SELL
2025-02-28 00:00:00-05:00,279.5,293.8800048828125,273.6000061035156,292.9800109863281,115697000,0.0,0.0,330.9607129778181,328.1763776557807,30.46024108196237,-6.397325359572914,281.95001220703125,290.79998779296875,302.79998779296875,330.5299987792969,337.79998779296875,354.3999938964844,360.55999755859375,284.6499938964844,272.0400085449219,279.1000061035156,263.45001220703125,262.6700134277344,222.1499938964844,230.5800018310547,259.23428998674666,SELL
2025-03-03 00:00:00-05:00,300.3399963378906,303.94000244140625,277.29998779296875,284.6499938964844,115551400,0.0,0.0,326.240711757115,322.3728598212079,28.809098977665187,-6.086372295603411,292.9800109863281,281.95001220703125,290.79998779296875,302.79998779296875,330.5299987792969,337.79998779296875,354.3999938964844,272.0400085449219,279.1000061035156,263.45001220703125,262.6700134277344,222.1499938964844,230.5800018310547,248.08999633789065,254.01143319266183,SELL
2025-03-04 00:00:00-05:00,270.92999267578125,284.3500061035156,261.8399963378906,272.0400085449219,126706600,0.0,0.0,322.2078552246094,315.66181298436976,26.46995134909433,-6.190859029343415,284.6499938964844,292.9800109863281,281.95001220703125,290.79998779296875,302.79998779296875,330.5299987792969,337.79998779296875,279.1000061035156,263.45001220703125,262.6700134277344,222.1499938964844,230.5800018310547,248.08999633789065,240.67999267578125,249.53143092564173,SELL
2025-03-05 00:00:00-05:00,272.9200134277344,279.54998779296875,267.7099914550781,279.1000061035156,94042900,0.0,0.0,318.10714067731584,310.7869054002559,29.90165949121726,-5.280855435973216,272.0400085449219,284.6499938964844,292.9800109863281,281.95001220703125,290.79998779296875,302.79998779296875,330.5299987792969,263.45001220703125,262.6700134277344,222.1499938964844,230.5800018310547,248.08999633789065,240.67999267578125,249.97999572753903,245.37142944335938,SELL
2025-03-06 00:00:00-05:00,272.0599975585937,272.6499938964844,260.0199890136719,263.45001220703125,98451600,0.0,0.0,311.5007128034319,304.4753196411593,26.904159280624768,-5.219955313824421,279.1000061035156,272.0400085449219,284.6499938964844,292.9800109863281,281.95001220703125,290.79998779296875,302.79998779296875,262.6700134277344,222.1499938964844,230.5800018310547,248.08999633789065,240.67999267578125,249.97999572753903,238.009994506836,241.73714120047433,SELL
2025-03-07 00:00:00-05:00,259.32000732421875,266.25,250.72999572753903,262.6700134277344,102369600,0.0,0.0,304.845714024135,298.9012788127026,26.760174263686565,-4.73358359919753,263.45001220703125,279.1000061035156,272.0400085449219,284.6499938964844,292.9800109863281,281.95001220703125,290.79998779296875,222.1499938964844,230.5800018310547,248.08999633789065,240.67999267578125,249.97999572753903,238.009994506836,225.3099975585937,236.3999960763114,SELL
2025-03-10 00:00:00-04:00,252.5399932861328,253.3699951171875,220.0,222.1499938964844,189076900,0.0,0.0,295.4200003487723,288.66777415720685,20.594183598335988,-6.531357432058812,262.6700134277344,263.45001220703125,279.1000061035156,272.0400085449219,284.6499938964844,292.9800109863281,281.95001220703125,230.5800018310547,248.08999633789065,240.67999267578125,249.97999572753903,238.009994506836,225.3099975585937,235.8600006103516,238.3585684640067,BUY
2025-03-11 00:00:00-04:00,225.3099975585937,237.0599975585937,217.0200042724609,230.5800018310547,174896400,0.0,0.0,286.1357149396624,280.9227378470532,24.492243537318032,-6.527784486409367,222.1499938964844,262.6700134277344,263.45001220703125,279.1000061035156,272.0400085449219,284.6499938964844,292.9800109863281,248.08999633789065,240.67999267578125,249.97999572753903,238.009994506836,225.3099975585937,235.8600006103516,236.259994506836,239.1699959891183,BUY
2025-03-12 00:00:00-04:00,247.22000122070312,251.83999633789065,241.1000061035156,248.08999633789065,142215700,0.0,0.0,278.5421436854772,276.5450389791649,31.963302007701984,-4.8010079057733535,230.5800018310547,222.1499938964844,262.6700134277344,263.45001220703125,279.1000061035156,272.0400085449219,284.6499938964844,240.67999267578125,249.97999572753903,238.009994506836,225.3099975585937,235.8600006103516,236.259994506836,248.7100067138672,239.2585688999721,SELL
2025-03-13 00:00:00-04:00,248.1300048828125,248.2899932861328,232.6000061035156,240.67999267578125,114813500,0.0,0.0,271.6050011771066,271.7630328053804,30.58417447844417,-3.664074749771036,248.08999633789065,230.5800018310547,222.1499938964844,262.6700134277344,263.45001220703125,279.1000061035156,272.0400085449219,249.97999572753903,238.009994506836,225.3099975585937,235.8600006103516,236.259994506836,248.7100067138672,278.3900146484375,244.64571489606584,BUY
2025-03-14 00:00:00-04:00,247.3099975585937,251.5800018310547,240.72999572753903,249.97999572753903,100242300,0.0,0.0,265.8514295305525,268.8586278616682,34.40928931355727,-1.8816991815162964,240.67999267578125,248.08999633789065,230.5800018310547,222.1499938964844,262.6700134277344,263.45001220703125,279.1000061035156,238.009994506836,225.3099975585937,235.8600006103516,236.259994506836,248.7100067138672,278.3900146484375,288.1400146484375,250.0971461704799,HOLD
2025-03-17 00:00:00-04:00,245.0599975585937,245.3999938964844,232.8000030517578,238.009994506836,111900600,0.0,0.0,261.22357286725725,264.7454767476906,31.967592677473192,-1.1413210950799098,249.97999572753903,240.67999267578125,248.08999633789065,230.5800018310547,222.1499938964844,262.6700134277344,263.45001220703125,225.3099975585937,235.8600006103516,236.259994506836,248.7100067138672,278.3900146484375,288.1400146484375,272.0599975585937,254.96143232073103,BUY
2025-03-18 00:00:00-04:00,228.16000366210932,230.1000061035156,222.27999877929688,225.3099975585937,111477600,0.0,0.0,256.54571642194475,259.487412855811,29.570071347080983,-1.1368440063965366,238.009994506836,249.97999572753903,240.67999267578125,248.08999633789065,230.5800018310547,222.1499938964844,262.6700134277344,235.8600006103516,236.259994506836,248.7100067138672,278.3900146484375,288.1400146484375,272.0599975585937,273.1300048828125,261.79286193847656,BUY
2025-03-19 00:00:00-04:00,231.6100006103516,241.41000366210932,229.1999969482422,235.8600006103516,111993800,0.0,0.0,253.25357273646765,256.33709122308306,33.99840781244876,-0.1074983215089844,225.3099975585937,238.009994506836,249.97999572753903,240.67999267578125,248.08999633789065,230.5800018310547,222.1499938964844,236.259994506836,248.7100067138672,278.3900146484375,288.1400146484375,272.0599975585937,273.1300048828125,263.54998779296875,265.74857439313615,BUY
2025-03-20 00:00:00-04:00,233.3500061035156,238.0,230.0500030517578,236.259994506836,99028300,0.0,0.0,249.2021429879325,253.6601449942501,34.16741676967982,0.8627502811623344,235.8600006103516,225.3099975585937,238.009994506836,249.97999572753903,240.67999267578125,248.08999633789065,230.5800018310547,248.7100067138672,278.3900146484375,288.1400146484375,272.0599975585937,273.1300048828125,263.54998779296875,259.1600036621094,269.02000427246094,BUY
2025-03-21 00:00:00-04:00,234.9900054931641,249.5200042724609,234.5500030517578,248.7100067138672,132728700,0.0,0.0,246.63500104631697,253.00012655686567,39.37137856360806,2.512133577721375,236.259994506836,235.8600006103516,225.3099975585937,238.009994506836,249.97999572753903,240.67999267578125,248.08999633789065,278.3900146484375,288.1400146484375,272.0599975585937,273.1300048828125,263.54998779296875,259.1600036621094,268.4599914550781,271.8414306640625,BUY
2025-03-24 00:00:00-04:00,258.0799865722656,278.6400146484375,256.3299865722656,278.3900146484375,169079900,0.0,0.0,247.0885729108538,256.3854449690753,49.59971713400787,5.594574359845403,248.7100067138672,236.259994506836,235.8600006103516,225.3099975585937,238.009994506836,249.97999572753903,240.67999267578125,288.1400146484375,272.0599975585937,273.1300048828125,263.54998779296875,259.1600036621094,268.4599914550781,282.760009765625,272.46571568080356,SELL
2025-03-25 00:00:00-04:00,283.6000061035156,288.20001220703125,271.2799987792969,288.1400146484375,150361500,0.0,0.0,247.73428780691964,260.6193875929903,52.43835230746199,8.129003458809756,278.3900146484375,248.7100067138672,236.259994506836,235.8600006103516,225.3099975585937,238.009994506836,249.97999572753903,272.0599975585937,273.1300048828125,263.54998779296875,259.1600036621094,268.4599914550781,282.760009765625,267.2799987792969,269.48571341378346,SELL
2025-03-26 00:00:00-04:00,282.6600036621094,284.8999938964844,266.510009765625,272.0599975585937,153629800,0.0,0.0,248.34928676060267,262.1448022550707,47.66980041401479,8.52015149995188,288.1400146484375,278.3900146484375,248.7100067138672,236.259994506836,235.8600006103516,225.3099975585937,238.009994506836,273.1300048828125,263.54998779296875,259.1600036621094,268.4599914550781,282.760009765625,267.2799987792969,239.42999267578125,264.8242841448103,SELL
2025-03-27 00:00:00-04:00,272.4800109863281,291.8500061035156,271.82000732421875,273.1300048828125,162572100,0.0,0.0,249.096429007394,263.6094959387696,48.00860856076493,8.622483213450437,272.0599975585937,288.1400146484375,278.3900146484375,248.7100067138672,236.259994506836,235.8600006103516,225.3099975585937,263.54998779296875,259.1600036621094,268.4599914550781,282.760009765625,267.2799987792969,239.42999267578125,233.2899932861328,259.13285391671315,SELL
2025-03-28 00:00:00-04:00,275.5799865722656,276.1000061035156,260.57000732421875,263.54998779296875,123809400,0.0,0.0,252.05357142857144,263.6015615193295,45.18771896372589,7.8391139894683874,273.1300048828125,272.0599975585937,288.1400146484375,278.3900146484375,248.7100067138672,236.259994506836,235.8600006103516,259.1600036621094,268.4599914550781,282.760009765625,267.2799987792969,239.42999267578125,233.2899932861328,221.8600006103516,253.17714146205358,SELL
2025-03-31 00:00:00-04:00,249.3099975585937,260.5599975585937,243.3600006103516,259.1600036621094,134008900,0.0,0.0,254.09500013078963,263.00935380503347,43.91434852218734,6.855018938036711,263.54998779296875,273.1300048828125,272.0599975585937,288.1400146484375,278.3900146484375,248.7100067138672,236.259994506836,268.4599914550781,282.760009765625,267.2799987792969,239.42999267578125,233.2899932861328,221.8600006103516,272.20001220703125,255.03999982561385,SELL
2025-04-01 00:00:00-04:00,263.79998779296875,277.45001220703125,259.25,268.4599914550781,146486900,0.0,0.0,255.5499997820173,263.7361054917061,47.30224822222958,6.654738766521806,259.1600036621094,263.54998779296875,273.1300048828125,272.0599975585937,288.1400146484375,278.3900146484375,248.7100067138672,282.760009765625,267.2799987792969,239.42999267578125,233.2899932861328,221.8600006103516,272.20001220703125,252.3999938964844,252.74571446010046,SELL
2025-04-02 00:00:00-04:00,254.6000061035156,284.989990234375,251.2700042724609,282.760009765625,212787800,0.0,0.0,258.5557152884347,266.27262606156194,52.09413311626274,7.260160365143797,268.4599914550781,259.1600036621094,263.54998779296875,273.1300048828125,272.0599975585937,288.1400146484375,278.3900146484375,267.2799987792969,239.42999267578125,233.2899932861328,221.8600006103516,272.20001220703125,252.3999938964844,252.3099975585937,248.39571271623885,SELL
2025-04-03 00:00:00-04:00,265.2900085449219,276.29998779296875,261.510009765625,267.2799987792969,136174300,0.0,0.0,259.7914297921317,266.4069424239266,47.10109742770004,6.421803751439251,282.760009765625,268.4599914550781,259.1600036621094,263.54998779296875,273.1300048828125,272.0599975585937,288.1400146484375,239.42999267578125,233.2899932861328,221.8600006103516,272.20001220703125,252.3999938964844,252.3099975585937,252.3500061035156,246.26285661969865,SELL
2025-04-04 00:00:00-04:00,255.3800048828125,261.0,236.0,239.42999267578125,181229400,0.0,0.0,259.89285823277066,262.81001579084057,39.724257542597904,3.918402184327757,267.2799987792969,282.760009765625,268.4599914550781,259.1600036621094,263.54998779296875,273.1300048828125,272.0599975585937,233.2899932861328,221.8600006103516,272.20001220703125,252.3999938964844,252.3099975585937,252.3500061035156,254.1100006103516,248.36000061035156,BUY
2025-04-07 00:00:00-04:00,223.77999877929688,252.0,214.25,233.2899932861328,183453800,0.0,0.0,260.4628579275949,258.8740127902129,38.30007179328529,1.8791662232803432,239.42999267578125,267.2799987792969,282.760009765625,268.4599914550781,259.1600036621094,263.54998779296875,273.1300048828125,221.8600006103516,272.20001220703125,252.3999938964844,252.3099975585937,252.3500061035156,254.1100006103516,241.5500030517578,249.54000200544084,BUY
2025-04-08 00:00:00-04:00,245.0,250.44000244140625,217.8000030517578,221.8600006103516,171603500,0.0,0.0,259.4628579275949,253.93881116623135,35.73187135260547,-0.1041176225836633,233.2899932861328,239.42999267578125,267.2799987792969,282.760009765625,268.4599914550781,259.1600036621094,263.54998779296875,272.20001220703125,252.3999938964844,252.3099975585937,252.3500061035156,254.1100006103516,241.5500030517578,241.3699951171875,252.327144077846,BUY
2025-04-09 00:00:00-04:00,224.69000244140625,274.69000244140625,223.8800048828125,272.20001220703125,219433400,0.0,0.0,262.03000204903736,256.37363797167137,51.23961184213253,1.993889921596267,221.8600006103516,233.2899932861328,239.42999267578125,267.2799987792969,282.760009765625,268.4599914550781,259.1600036621094,252.3999938964844,252.3099975585937,252.3500061035156,254.1100006103516,241.5500030517578,241.3699951171875,227.5,245.9414280482701,SELL
2025-04-10 00:00:00-04:00,260.0,262.489990234375,239.3300018310547,252.3999938964844,181722600,0.0,0.0,262.2935725620815,255.84381876164645,46.48810183540648,2.059273491809339,272.20001220703125,221.8600006103516,233.2899932861328,239.42999267578125,267.2799987792969,282.760009765625,268.4599914550781,252.3099975585937,252.3500061035156,254.1100006103516,241.5500030517578,241.3699951171875,227.5,237.97000122070312,243.8800005231585,SELL
2025-04-11 00:00:00-04:00,251.83999633789065,257.739990234375,241.3600006103516,252.3099975585937,128948100,0.0,0.0,260.43071419852123,255.37264260123945,46.4670099951205,2.100374274071969,252.3999938964844,272.20001220703125,221.8600006103516,233.2899932861328,239.42999267578125,267.2799987792969,282.760009765625,252.3500061035156,254.1100006103516,241.5500030517578,241.3699951171875,227.5,237.97000122070312,250.7400054931641,243.6557159423828,SELL
2025-04-14 00:00:00-04:00,258.3599853515625,261.79998779296875,245.92999267578125,252.3500061035156,100135200,0.0,0.0,257.87428501674106,254.9696244015429,46.47863551651339,2.127609934434407,252.3099975585937,252.3999938964844,272.20001220703125,221.8600006103516,233.2899932861328,239.42999267578125,267.2799987792969,254.1100006103516,241.5500030517578,241.3699951171875,227.5,237.97000122070312,250.7400054931641,259.510009765625,244.67857360839844,SELL
2025-04-15 00:00:00-04:00,249.91000366210932,258.75,247.5399932861328,254.1100006103516,79594300,0.0,0.0,256.5921423775809,254.85500789605075,47.02366014459238,2.249643699157529,252.3500061035156,252.3099975585937,252.3999938964844,272.20001220703125,221.8600006103516,233.2899932861328,239.42999267578125,241.5500030517578,241.3699951171875,227.5,237.97000122070312,250.7400054931641,259.510009765625,284.95001220703125,249.08428955078125,SELL
2025-04-16 00:00:00-04:00,247.6100006103516,251.97000122070312,233.88999938964844,241.5500030517578,112378700,0.0,0.0,254.33642796107705,253.08100725014503,43.61060002390305,1.5057020350017414,254.1100006103516,252.3500061035156,252.3099975585937,252.3999938964844,272.20001220703125,221.8600006103516,233.2899932861328,241.3699951171875,227.5,237.97000122070312,250.7400054931641,259.510009765625,284.95001220703125,285.8800048828125,255.41714695521765,BUY
2025-04-17 00:00:00-04:00,243.47000122070312,244.33999633789065,237.67999267578125,241.3699951171875,83404800,0.0,0.0,252.75214276994976,251.5195389657507,43.56179999240519,1.0446126164790908,241.5500030517578,254.1100006103516,252.3500061035156,252.3099975585937,252.3999938964844,272.20001220703125,221.8600006103516,227.5,237.97000122070312,250.7400054931641,259.510009765625,284.95001220703125,285.8800048828125,292.0299987792969,262.65429033551897,BUY
2025-04-21 00:00:00-04:00,230.259994506836,232.2100067138672,222.7899932861328,227.5,97768000,0.0,0.0,250.490713936942,248.3169337703173,39.860610433568326,-0.0910633081510088,241.3699951171875,241.5500030517578,254.1100006103516,252.3500061035156,252.3099975585937,252.3999938964844,272.20001220703125,237.97000122070312,250.7400054931641,259.510009765625,284.95001220703125,285.8800048828125,292.0299987792969,282.1600036621094,270.46286228724887,BUY
2025-04-22 00:00:00-04:00,230.9600067138672,242.7899932861328,229.8500061035156,237.97000122070312,120858500,0.0,0.0,248.31285749162947,246.93734276370208,43.74607915269384,-0.0364937219980685,227.5,241.3699951171875,241.5500030517578,254.1100006103516,252.3500061035156,252.3099975585937,252.3999938964844,250.7400054931641,259.510009765625,284.95001220703125,285.8800048828125,292.0299987792969,282.1600036621094,280.5199890136719,276.54143197195873,BUY
2025-04-23 00:00:00-04:00,254.8600006103516,259.45001220703125,244.42999267578125,250.7400054931641,150381900,0.0,0.0,246.0257143293109,247.44436446096367,48.14647438233409,0.908102061659191,237.97000122070312,227.5,241.3699951171875,241.5500030517578,254.1100006103516,252.3500061035156,252.3099975585937,259.510009765625,284.95001220703125,285.8800048828125,292.0299987792969,282.1600036621094,280.5199890136719,287.2099914550781,281.75142996651783,BUY
2025-04-24 00:00:00-04:00,250.5,259.5400085449219,249.1999969482422,259.510009765625,94464200,0.0,0.0,245.47071511404852,249.05311716825184,50.98233543880093,2.103691347830214,250.7400054931641,237.97000122070312,227.5,241.3699951171875,241.5500030517578,254.1100006103516,252.3500061035156,284.95001220703125,285.8800048828125,292.0299987792969,282.1600036621094,280.5199890136719,287.2099914550781,280.260009765625,284.71571568080356,BUY
2025-04-25 00:00:00-04:00,261.69000244140625,286.8500061035156,259.6300048828125,284.95001220703125,167560700,0.0,0.0,248.7221450805664,253.8393698400891,58.13488638259554,4.452969333698087,259.510009765625,250.7400054931641,237.97000122070312,227.5,241.3699951171875,241.5500030517578,254.1100006103516,285.8800048828125,292.0299987792969,282.1600036621094,280.5199890136719,287.2099914550781,280.260009765625,275.3500061035156,283.3442862374442,HOLD
2025-04-28 00:00:00-04:00,288.9800109863281,294.8599853515625,272.4200134277344,285.8800048828125,151731800,0.0,0.0,252.47857448032923,258.1114545124522,58.37400863725159,5.827883230609787,284.95001220703125,259.510009765625,250.7400054931641,237.97000122070312,227.5,241.3699951171875,241.5500030517578,292.0299987792969,282.1600036621094,280.5199890136719,287.2099914550781,280.260009765625,275.3500061035156,276.2200012207031,281.9642857142857,HOLD
2025-04-29 00:00:00-04:00,285.5,293.32000732421875,279.4700012207031,292.0299987792969,108906600,0.0,0.0,257.49071720668246,262.63392708136485,60.00104121567593,6.839854693007898,285.8800048828125,284.95001220703125,259.510009765625,250.7400054931641,237.97000122070312,227.5,241.3699951171875,282.1600036621094,280.5199890136719,287.2099914550781,280.260009765625,275.3500061035156,276.2200012207031,284.82000732421875,280.93428693498885,SELL
2025-04-30 00:00:00-04:00,279.8999938964844,284.45001220703125,270.7799987792969,282.1600036621094,128961100,0.0,0.0,258.2021451677595,265.2374039587975,56.20415961906436,6.533343966910881,292.0299987792969,285.8800048828125,284.95001220703125,259.510009765625,250.7400054931641,237.97000122070312,227.5,280.5199890136719,287.2099914550781,280.260009765625,275.3500061035156,276.2200012207031,284.82000732421875,298.260009765625,283.23428780691967,HOLD
2025-05-01 00:00:00-04:00,280.010009765625,290.8699951171875,279.8099975585937,280.5199890136719,99659000,0.0,0.0,260.2107162475586,267.27508196611404,55.57485333974002,5.926829261377228,282.1600036621094,292.0299987792969,285.8800048828125,284.95001220703125,259.510009765625,250.7400054931641,237.97000122070312,287.2099914550781,280.260009765625,275.3500061035156,276.2200012207031,284.82000732421875,298.260009765625,318.3800048828125,288.64286150251115,BUY
2025-05-02 00:00:00-04:00,284.8999938964844,294.7799987792969,279.8099975585937,287.2099914550781,114454700,0.0,0.0,262.70357295445035,269.93306989797594,57.65758109044974,5.68216616413178,280.5199890136719,282.1600036621094,292.0299987792969,285.8800048828125,284.95001220703125,259.510009765625,250.7400054931641,280.260009765625,275.3500061035156,276.2200012207031,284.82000732421875,298.260009765625,318.3800048828125,334.07000732421875,295.337149483817,BUY
2025-05-05 00:00:00-04:00,284.57000732421875,284.8500061035156,274.3999938964844,280.260009765625,94618900,0.0,0.0,264.697144644601,271.3099952136625,54.78415099165704,4.793707560761408,287.2099914550781,280.5199890136719,282.1600036621094,292.0299987792969,285.8800048828125,284.95001220703125,259.510009765625,275.3500061035156,276.2200012207031,284.82000732421875,298.260009765625,318.3800048828125,334.07000732421875,347.67999267578125,304.9685756138393,BUY
2025-05-06 00:00:00-04:00,273.1099853515625,277.7300109863281,271.3500061035156,275.3500061035156,76715800,0.0,0.0,266.2142878941127,271.8486633323096,52.78281677751753,3.667565677386588,280.260009765625,287.2099914550781,280.5199890136719,282.1600036621094,292.0299987792969,285.8800048828125,284.95001220703125,276.2200012207031,284.82000732421875,298.260009765625,318.3800048828125,334.07000732421875,347.67999267578125,342.82000732421875,314.6071472167969,BUY
2025-05-07 00:00:00-04:00,276.8800048828125,277.9200134277344,271.0,276.2200012207031,71592600,0.0,0.0,268.6907163347517,272.43150838409537,53.10968112516878,2.8119896320956945,275.3500061035156,280.260009765625,287.2099914550781,280.5199890136719,282.1600036621094,292.0299987792969,285.8800048828125,284.82000732421875,298.260009765625,318.3800048828125,334.07000732421875,347.67999267578125,342.82000732421875,349.9800109863281,325.14429146902904,BUY
2025-05-08 00:00:00-04:00,279.6300048828125,289.79998779296875,279.4100036621094,284.82000732421875,97539400,0.0,0.0,271.7942886352539,274.0833082427785,56.32805600417094,2.65775187170472,276.2200012207031,275.3500061035156,280.260009765625,287.2099914550781,280.5199890136719,282.1600036621094,292.0299987792969,298.260009765625,318.3800048828125,334.07000732421875,347.67999267578125,342.82000732421875,349.9800109863281,342.0899963378906,333.32571847098217,BUY
2025-05-09 00:00:00-04:00,290.2099914550781,307.0400085449219,290.0,298.260009765625,132387800,0.0,0.0,276.84857504708424,277.3068684458247,60.85042286994117,3.2540044644208264,284.82000732421875,276.2200012207031,275.3500061035156,280.260009765625,287.2099914550781,280.5199890136719,282.1600036621094,318.3800048828125,334.07000732421875,347.67999267578125,342.82000732421875,349.9800109863281,342.0899963378906,343.82000732421875,339.83428955078125,BUY
2025-05-12 00:00:00-04:00,321.989990234375,322.2099914550781,311.5,318.3800048828125,112826700,0.0,0.0,282.59214673723494,282.7832866374231,66.45125715992052,4.708278317374899,298.260009765625,284.82000732421875,276.2200012207031,275.3500061035156,280.260009765625,287.2099914550781,280.5199890136719,334.07000732421875,347.67999267578125,342.82000732421875,349.9800109863281,342.0899963378906,343.82000732421875,334.6199951171875,342.154288155692,BUY
2025-05-13 00:00:00-04:00,320.0,337.5899963378906,316.79998779296875,334.07000732421875,136992600,0.0,0.0,288.5442897251674,289.6215160623292,70.04964112089502,6.3306649331968,318.3800048828125,298.260009765625,284.82000732421875,276.2200012207031,275.3500061035156,280.260009765625,287.2099914550781,347.67999267578125,342.82000732421875,349.9800109863281,342.0899963378906,343.82000732421875,334.6199951171875,341.0400085449219,343.1500026157924,BUY
2025-05-14 00:00:00-04:00,342.5,350.0,337.0,347.67999267578125,136997300,0.0,0.0,294.84214564732144,297.3626462774561,72.77725274564597,7.826202487311388,334.07000732421875,318.3800048828125,298.260009765625,284.82000732421875,276.2200012207031,275.3500061035156,280.260009765625,342.82000732421875,349.9800109863281,342.0899963378906,343.82000732421875,334.6199951171875,341.0400085449219,339.3399963378906,341.9585745675223,SELL
2025-05-15 00:00:00-04:00,340.3399963378906,346.1400146484375,334.7200012207031,342.82000732421875,97882600,0.0,0.0,298.9757167271205,303.4236277503578,70.31468315624127,7.967287077576575,347.67999267578125,334.07000732421875,318.3800048828125,298.260009765625,284.82000732421875,276.2200012207031,275.3500061035156,349.9800109863281,342.0899963378906,343.82000732421875,334.6199951171875,341.0400085449219,339.3399963378906,362.8900146484375,344.82571847098217,HOLD
2025-05-16 00:00:00-04:00,346.239990234375,351.6199951171875,342.3299865722656,349.9800109863281,95895700,0.0,0.0,303.5542885916574,309.63114551515383,71.8271524531512,8.00095946196259,342.82000732421875,347.67999267578125,334.07000732421875,318.3800048828125,298.260009765625,284.82000732421875,276.2200012207031,342.0899963378906,343.82000732421875,334.6199951171875,341.0400085449219,339.3399963378906,362.8900146484375,,343.9666697184245,SELL
2025-05-19 00:00:00-04:00,336.29998779296875,343.0,333.3699951171875,342.0899963378906,88869900,0.0,0.0,307.1300027029855,313.9589922915188,67.73184036637778,6.986849980559665,349.9800109863281,342.82000732421875,347.67999267578125,334.07000732421875,318.3800048828125,298.260009765625,284.82000732421875,343.82000732421875,334.6199951171875,341.0400085449219,339.3399963378906,362.8900146484375,,,344.3420043945313,HOLD
2025-05-20 00:00:00-04:00,347.8699951171875,354.989990234375,341.6300048828125,343.82000732421875,131715500,0.0,0.0,311.53428867885043,317.94046096254544,68.16050753748544,5.967175536816374,342.0899963378906,349.9800109863281,342.82000732421875,347.67999267578125,334.07000732421875,318.3800048828125,298.260009765625,334.6199951171875,341.0400085449219,339.3399963378906,362.8900146484375,,,,344.4725036621094,HOLD
2025-05-21 00:00:00-04:00,344.42999267578125,347.3500061035156,332.20001220703125,334.6199951171875,102354800,0.0,0.0,315.3985748291016,320.16439884983106,63.34148976888251,4.286337156005562,343.82000732421875,342.0899963378906,349.9800109863281,342.82000732421875,347.67999267578125,334.07000732421875,318.3800048828125,341.0400085449219,339.3399963378906,362.8900146484375,,,,,347.7566731770833,BUY
2025-05-22 00:00:00-04:00,331.8999938964844,347.2699890136719,331.3900146484375,341.0400085449219,97113400,0.0,0.0,319.2435760498047,322.9478134758432,65.19097063046902,3.266270469058,334.6199951171875,343.82000732421875,342.0899963378906,349.9800109863281,342.82000732421875,347.67999267578125,334.07000732421875,339.3399963378906,362.8900146484375,,,,,,351.11500549316406,BUY
2025-05-23 00:00:00-04:00,337.9200134277344,343.17999267578125,333.2099914550781,339.3399963378906,84654800,0.0,0.0,323.4635750906808,325.1334378574495,64.2663586631973,2.188190702611209,341.0400085449219,334.6199951171875,343.82000732421875,342.0899963378906,349.9800109863281,342.82000732421875,347.67999267578125,362.8900146484375,,,,,,,362.8900146484375,BUY
2025-05-27 00:00:00-04:00,347.3500061035156,363.7900085449219,347.32000732421875,362.8900146484375,118574100,0.0,0.0,329.7164328438895,330.1676480962479,70.50683020051775,2.736674814353716,339.3399963378906,341.0400085449219,334.6199951171875,343.82000732421875,342.0899963378906,349.9800109863281,342.82000732421875,,,,,,,,,HOLD
