Date,Open,High,Low,Close,Volume,Dividends,Stock Splits,SMA_14,EMA_14,RSI_14,MACD,Close_lag_1,Close_lag_2,Close_lag_3,Close_lag_4,Close_lag_5,Close_lag_6,Close_lag_7
2024-07-08 00:00:00-04:00,247.7100067138672,259.44000244140625,244.57000732421875,252.94000244140625,157219600,0.0,0.0,206.4607151576451,214.70879759758597,87.72708914276853,7.338493059560758,251.5200042724609,246.38999938964844,231.25999450683597,209.8600006103516,197.8800048828125,197.4199981689453,196.3699951171875
2024-07-09 00:00:00-04:00,251.0,265.6099853515625,250.3000030517578,262.3299865722656,160210900,0.0,0.0,211.80999973842077,221.0582894608766,89.19563925383777,7.673448411569254,252.94000244140625,251.5200042724609,246.38999938964844,231.25999450683597,209.8600006103516,197.8800048828125,197.4199981689453
2024-07-10 00:00:00-04:00,262.79998779296875,267.5899963378906,257.8599853515625,263.260009765625,128519400,0.0,0.0,217.41000039236886,226.68518550150972,89.3317981491935,7.435912004751582,262.3299865722656,252.94000244140625,251.5200042724609,246.38999938964844,231.25999450683597,209.8600006103516,197.8800048828125
2024-07-11 00:00:00-04:00,263.29998779296875,271.0,239.6499938964844,241.02999877929688,221707300,0.0,0.0,221.65714263916016,228.59782727188133,67.4508951073995,5.357033682591698,263.260009765625,262.3299865722656,252.94000244140625,251.5200042724609,246.38999938964844,231.25999450683597,209.8600006103516
2024-07-12 00:00:00-04:00,235.8000030517578,251.83999633789065,233.08999633789065,248.22999572753903,155955800,0.0,0.0,226.31571415492468,231.2154497326357,70.01285107177787,4.098960746587846,241.02999877929688,263.260009765625,262.3299865722656,252.94000244140625,251.5200042724609,246.38999938964844,231.25999450683597
2024-07-15 00:00:00-04:00,255.97000122070312,265.6000061035156,251.72999572753903,252.63999938964844,146912900,0.0,0.0,231.31999969482422,234.07205635357073,71.49290291051534,3.233909772892101,248.22999572753903,241.02999877929688,263.260009765625,262.3299865722656,252.94000244140625,251.5200042724609,246.38999938964844
2024-07-16 00:00:00-04:00,255.30999755859372,258.6199951171875,245.8000030517578,256.5599975585937,126332500,0.0,0.0,236.26357051304407,237.07044851424047,72.7790103717468,2.6219030121837896,252.63999938964844,248.22999572753903,241.02999877929688,263.260009765625,262.3299865722656,252.94000244140625,251.5200042724609
2024-07-17 00:00:00-04:00,252.72999572753903,258.4700012207031,246.17999267578125,248.5,115584800,0.0,0.0,239.98714229038782,238.59438871234173,66.16885577141564,1.4300706803861836,256.5599975585937,252.63999938964844,248.22999572753903,241.02999877929688,263.260009765625,262.3299865722656,252.94000244140625
2024-07-18 00:00:00-04:00,251.08999633789065,257.1400146484375,247.1999969482422,249.22999572753903,110869000,0.0,0.0,243.68785640171595,240.01246964770138,66.46592786493761,0.4949901500999587,248.5,256.5599975585937,252.63999938964844,248.22999572753903,241.02999877929688,263.260009765625,262.3299865722656
2024-07-19 00:00:00-04:00,247.7899932861328,249.44000244140625,236.8300018310547,239.1999969482422,87403900,0.0,0.0,246.63928440638952,239.90413995444015,58.82303388067548,-0.9179507533584754,249.22999572753903,248.5,256.5599975585937,252.63999938964844,248.22999572753903,241.02999877929688,263.260009765625
2024-07-22 00:00:00-04:00,244.2100067138672,253.2100067138672,243.75,251.50999450683597,101225400,0.0,0.0,249.6142839704241,241.45158722809293,64.2556382686792,-1.128558012665355,239.1999969482422,249.22999572753903,248.5,256.5599975585937,252.63999938964844,248.22999572753903,241.02999877929688
2024-07-23 00:00:00-04:00,253.6000061035156,255.75999450683597,245.6300048828125,246.3800048828125,111928200,0.0,0.0,250.6942847115653,242.10870958205555,60.663723664549266,-1.6849324833565689,251.50999450683597,239.1999969482422,249.22999572753903,248.5,256.5599975585937,252.63999938964844,248.22999572753903
2024-07-24 00:00:00-04:00,225.4199981689453,225.9900054931641,214.7100067138672,215.9900054931641,167942900,0.0,0.0,248.52285657610213,238.6262157035367,44.716598325225824,-4.037055583697777,246.3800048828125,251.50999450683597,239.1999969482422,249.22999572753903,248.5,256.5599975585937,252.63999938964844
2024-07-25 00:00:00-04:00,216.8000030517578,226.0,216.22999572753903,220.25,100636500,0.0,0.0,246.2892848423549,236.1760536097318,46.8267308711175,-5.170934027994884,215.9900054931641,246.3800048828125,251.50999450683597,239.1999969482422,249.22999572753903,248.5,256.5599975585937
2024-07-26 00:00:00-04:00,221.19000244140625,222.27999877929688,215.3300018310547,219.8000030517578,94604100,0.0,0.0,243.9221420288086,233.99258020200193,46.62428339791311,-5.770595588151192,220.25,215.9900054931641,246.3800048828125,251.50999450683597,239.1999969482422,249.22999572753903,248.5
2024-07-29 00:00:00-04:00,224.8999938964844,234.2700042724609,224.6999969482422,232.1000061035156,129201800,0.0,0.0,241.76285770961218,233.74023698887044,52.65012476304147,-5.177157536659749,219.8000030517578,220.25,215.9900054931641,246.3800048828125,251.50999450683597,239.1999969482422,249.22999572753903
2024-07-30 00:00:00-04:00,232.25,232.41000366210935,220.0,222.6199951171875,100560300,0.0,0.0,238.85999952043807,232.25753807264604,48.13924211388032,-5.245166590606244,232.1000061035156,219.8000030517578,220.25,215.9900054931641,246.3800048828125,251.50999450683597,239.1999969482422
2024-07-31 00:00:00-04:00,227.8999938964844,234.67999267578125,226.7899932861328,232.07000732421875,67497000,0.0,0.0,238.22000013078963,232.23253397285575,52.507381164000286,-4.504168077031396,222.6199951171875,232.1000061035156,219.8000030517578,220.25,215.9900054931641,246.3800048828125,251.50999450683597
2024-08-01 00:00:00-04:00,227.69000244140625,231.8699951171875,214.3300018310547,216.8600006103516,83861900,0.0,0.0,235.97928619384766,230.18286285785518,45.81814112350316,-4.858422546822853,232.07000732421875,222.6199951171875,232.1000061035156,219.8000030517578,220.25,215.9900054931641,246.3800048828125
2024-08-02 00:00:00-04:00,214.8800048828125,216.1300048828125,205.77999877929688,207.6699981689453,82880100,0.0,0.0,232.76714324951172,227.18114756600053,42.31079584973412,-5.485333826744933,216.8600006103516,232.07000732421875,222.6199951171875,232.1000061035156,219.8000030517578,220.25,215.9900054931641
2024-08-05 00:00:00-04:00,185.22000122070312,203.8800048828125,182.0,198.8800048828125,100308800,0.0,0.0,228.6471437726702,223.4076618749088,39.21844325906426,-6.212247552646078,207.6699981689453,216.8600006103516,232.07000732421875,222.6199951171875,232.1000061035156,219.8000030517578,220.25
2024-08-06 00:00:00-04:00,200.75,202.8999938964844,192.6699981689453,200.63999938964844,73783900,0.0,0.0,225.22857230050224,220.37197354354075,40.161474644222324,-6.276300312604771,198.8800048828125,207.6699981689453,216.8600006103516,232.07000732421875,222.6199951171875,232.1000061035156,219.8000030517578
2024-08-07 00:00:00-04:00,200.7700042724609,203.4900054931641,191.47999572753903,191.75999450683597,71159800,0.0,0.0,221.12357221330916,216.55704300531346,37.038991805795504,-6.58624185543367,200.63999938964844,198.8800048828125,207.6699981689453,216.8600006103516,232.07000732421875,222.6199951171875,232.1000061035156
2024-08-08 00:00:00-04:00,195.6999969482422,200.6999969482422,192.0399932861328,198.83999633789065,65033900,0.0,0.0,218.24071502685547,214.19477011632375,40.9790399422539,-6.000512355437616,191.75999450683597,200.63999938964844,198.8800048828125,207.6699981689453,216.8600006103516,232.07000732421875,222.6199951171875
2024-08-09 00:00:00-04:00,197.0500030517578,200.8800048828125,195.1100006103516,200.0,58648300,0.0,0.0,214.5614297049386,212.3021341008139,41.623621207989515,-5.248222577602401,198.83999633789065,191.75999450683597,200.63999938964844,198.8800048828125,207.6699981689453,216.8600006103516,232.07000732421875
2024-08-12 00:00:00-04:00,199.0200042724609,199.25999450683597,194.6699981689453,197.4900054931641,64044900,0.0,0.0,211.0692868913923,210.32718361979394,40.590633084452314,-4.653221266176998,200.0,198.83999633789065,191.75999450683597,200.63999938964844,198.8800048828125,207.6699981689453,216.8600006103516
2024-08-13 00:00:00-04:00,198.47000122070312,208.4900054931641,197.05999755859372,207.8300018310547,76247400,0.0,0.0,210.48642948695593,209.99422604796206,46.482874638551294,-3.3573342419469663,197.4900054931641,200.0,198.83999633789065,191.75999450683597,200.63999938964844,198.8800048828125,207.6699981689453
2024-08-14 00:00:00-04:00,207.38999938964844,208.44000244140625,198.75,201.3800048828125,70250000,0.0,0.0,209.1385726928711,208.84566322594213,43.579320801411576,-2.75392427368451,207.8300018310547,197.4900054931641,200.0,198.83999633789065,191.75999450683597,200.63999938964844,198.8800048828125
2024-08-15 00:00:00-04:00,205.0200042724609,215.8800048828125,204.82000732421875,214.13999938964844,89848500,0.0,0.0,208.73428671700614,209.55157471443633,50.205914283591255,-1.3839637291149804,201.3800048828125,207.8300018310547,197.4900054931641,200.0,198.83999633789065,191.75999450683597,200.63999938964844
2024-08-16 00:00:00-04:00,211.1499938964844,219.8000030517578,210.8000030517578,216.1199951171875,88765100,0.0,0.0,207.59285736083984,210.42736410146983,51.164402923666536,-0.2901597341336801,214.13999938964844,201.3800048828125,207.8300018310547,197.4900054931641,200.0,198.83999633789065,191.75999450683597
2024-08-19 00:00:00-04:00,217.07000732421875,222.97999572753903,214.08999633789065,222.72000122070312,76435200,0.0,0.0,207.60000065394811,212.06638238403428,54.32080565419425,0.8687152745003699,216.1199951171875,214.13999938964844,201.3800048828125,207.8300018310547,197.4900054931641,200.0,198.83999633789065
2024-08-20 00:00:00-04:00,224.8800048828125,228.22000122070312,219.55999755859372,221.1000061035156,74001200,0.0,0.0,206.8164291381836,213.2708655466318,53.40833480731416,1.481064138636949,222.72000122070312,216.1199951171875,214.13999938964844,201.3800048828125,207.8300018310547,197.4900054931641,200.0
2024-08-21 00:00:00-04:00,222.6699981689453,224.66000366210935,218.8600006103516,223.2700042724609,70146000,0.0,0.0,207.27428654262,214.60408404340902,54.51061797957648,1.9572535367020212,221.1000061035156,222.72000122070312,216.1199951171875,214.13999938964844,201.3800048828125,207.8300018310547,197.4900054931641
2024-08-22 00:00:00-04:00,223.82000732421875,224.8000030517578,210.32000732421875,210.66000366210935,79514500,0.0,0.0,207.48785836356026,214.07820665923572,47.48080964233163,1.3754522141239773,223.2700042724609,221.1000061035156,222.72000122070312,216.1199951171875,214.13999938964844,201.3800048828125,207.8300018310547
2024-08-23 00:00:00-04:00,214.4600067138672,221.47999572753903,214.2100067138672,220.32000732421875,81525200,0.0,0.0,209.019287109375,214.91044674790012,52.531121712056965,1.5791065033002916,210.66000366210935,223.2700042724609,221.1000061035156,222.72000122070312,216.1199951171875,214.13999938964844,201.3800048828125
2024-08-26 00:00:00-04:00,218.75,219.08999633789065,211.00999450683597,213.2100067138672,59301200,0.0,0.0,209.91714477539062,214.68372141002908,48.81069929400744,1.1905716607368475,220.32000732421875,210.66000366210935,223.2700042724609,221.1000061035156,222.72000122070312,216.1199951171875,214.13999938964844
2024-08-27 00:00:00-04:00,213.25,215.66000366210935,206.94000244140625,209.2100067138672,62821400,0.0,0.0,211.16357421875,213.95389278387418,46.80244299521381,0.6469912012608778,213.2100067138672,220.32000732421875,210.66000366210935,223.2700042724609,221.1000061035156,222.72000122070312,216.1199951171875
2024-08-28 00:00:00-04:00,209.72000122070312,211.83999633789065,202.58999633789065,205.75,64116400,0.0,0.0,211.65714590890067,212.86004041269098,45.07485537375771,0.06771302492445819,209.2100067138672,213.2100067138672,220.32000732421875,210.66000366210935,223.2700042724609,221.1000061035156,222.72000122070312
2024-08-29 00:00:00-04:00,209.8000030517578,214.88999938964844,205.97000122070312,206.27999877929688,62308800,0.0,0.0,212.105717250279,211.98270152823844,45.40727674039957,-0.24909457203247043,205.75,209.2100067138672,213.2100067138672,220.32000732421875,210.66000366210935,223.2700042724609,221.1000061035156
2024-08-30 00:00:00-04:00,208.6300048828125,214.57000732421875,207.02999877929688,214.1100006103516,63370600,0.0,0.0,213.29285975864954,212.26634140585355,50.202380222404926,0.08165376053914764,206.27999877929688,205.75,209.2100067138672,213.2100067138672,220.32000732421875,210.66000366210935,223.2700042724609
2024-09-03 00:00:00-04:00,215.25999450683597,219.8999938964844,209.63999938964844,210.6000061035156,76714200,0.0,0.0,213.4907172066825,212.04416336554183,48.16026000648892,0.0770610509448888,214.1100006103516,206.27999877929688,205.75,209.2100067138672,213.2100067138672,220.32000732421875,210.66000366210935
2024-09-04 00:00:00-04:00,210.58999633789065,222.22000122070312,210.57000732421875,219.41000366210935,80651800,0.0,0.0,214.77857426234655,213.0262754050842,53.29559601310155,0.6485813043275677,210.6000061035156,214.1100006103516,206.27999877929688,205.75,209.2100067138672,213.2100067138672,220.32000732421875
2024-09-05 00:00:00-04:00,223.4900054931641,235.0,222.25,230.1699981689453,119355000,0.0,0.0,215.92357417515345,215.31210510693234,58.67944797870366,1.674203967367933,219.41000366210935,210.6000061035156,214.1100006103516,206.27999877929688,205.75,209.2100067138672,213.2100067138672
2024-09-06 00:00:00-04:00,232.6000061035156,233.6000061035156,210.50999450683597,210.72999572753903,112177000,0.0,0.0,215.53857421875,214.70115718967992,47.92948462409538,0.9995752865627788,230.1699981689453,219.41000366210935,210.6000061035156,214.1100006103516,206.27999877929688,205.75,209.2100067138672
2024-09-09 00:00:00-04:00,216.1999969482422,219.8699951171875,213.6699981689453,216.2700042724609,67443500,0.0,0.0,215.07786015101843,214.91033680071737,50.701245221863765,0.8865148620120792,210.72999572753903,230.1699981689453,219.41000366210935,210.6000061035156,214.1100006103516,206.27999877929688,205.75
2024-09-10 00:00:00-04:00,220.07000732421875,226.3999938964844,218.63999938964844,226.1699981689453,78891100,0.0,0.0,215.44000244140625,216.41162498314776,55.28217551422155,1.4075848880969841,216.2700042724609,210.72999572753903,230.1699981689453,219.41000366210935,210.6000061035156,214.1100006103516,206.27999877929688
2024-09-11 00:00:00-04:00,224.5500030517578,228.47000122070312,216.8000030517578,228.1300048828125,83548600,0.0,0.0,215.78714534214564,217.9740756364364,56.1509071991207,1.7888806402752206,226.1699981689453,216.2700042724609,210.72999572753903,230.1699981689453,219.41000366210935,210.6000061035156,214.1100006103516
2024-09-12 00:00:00-04:00,224.66000366210935,231.4499969482422,223.8300018310547,229.80999755859372,72020000,0.0,0.0,217.1550020490374,219.55219855939072,56.92337638260717,2.040633369476618,228.1300048828125,226.1699981689453,216.2700042724609,210.72999572753903,230.1699981689453,219.41000366210935,210.6000061035156
2024-09-13 00:00:00-04:00,228.0,232.6699981689453,226.32000732421875,230.2899932861328,59515100,0.0,0.0,217.86714390345983,220.98390452295632,57.15561217737667,2.11676172942319,229.80999755859372,228.1300048828125,226.1699981689453,216.2700042724609,210.72999572753903,230.1699981689453,219.41000366210935
2024-09-16 00:00:00-04:00,229.3000030517578,229.9600067138672,223.52999877929688,226.77999877929688,54323000,0.0,0.0,218.83642905099052,221.7567170904684,54.827830151403816,1.819364979134458,230.2899932861328,229.80999755859372,228.1300048828125,226.1699981689453,216.2700042724609,210.72999572753903,230.1699981689453
2024-09-17 00:00:00-04:00,229.4499969482422,234.57000732421875,226.5500030517578,227.8699951171875,66761600,0.0,0.0,220.1692853655134,222.5718208273643,55.43482131296837,1.592853923695039,226.77999877929688,230.2899932861328,229.80999755859372,228.1300048828125,226.1699981689453,216.2700042724609,210.72999572753903
2024-09-18 00:00:00-04:00,230.08999633789065,235.67999267578125,226.8800048828125,227.1999969482422,78010200,0.0,0.0,221.70142800467355,223.1889109768147,54.946077391856306,1.3066975582694171,227.8699951171875,226.77999877929688,230.2899932861328,229.80999755859372,228.1300048828125,226.1699981689453,216.2700042724609
2024-09-19 00:00:00-04:00,234.0,244.2400054931641,232.1300048828125,243.9199981689453,102694600,0.0,0.0,224.38999938964844,225.95305593576546,63.576430955720646,2.1049683643776325,227.1999969482422,227.8699951171875,226.77999877929688,230.2899932861328,229.80999755859372,228.1300048828125,226.1699981689453
2024-09-20 00:00:00-04:00,241.5200042724609,243.9900054931641,235.9199981689453,238.25,99879100,0.0,0.0,226.1142850603376,227.59264847766343,59.419647976462905,2.1074153354015994,243.9199981689453,227.1999969482422,227.8699951171875,226.77999877929688,230.2899932861328,229.80999755859372,228.1300048828125
2024-09-23 00:00:00-04:00,242.6100006103516,250.0,241.9199981689453,250.0,86927200,0.0,0.0,228.92857033865792,230.58029534730832,64.58695337219784,2.71782743101436,238.25,243.9199981689453,227.1999969482422,227.8699951171875,226.77999877929688,230.2899932861328,229.80999755859372
2024-09-24 00:00:00-04:00,254.0800018310547,257.19000244140625,249.0500030517578,254.2700042724609,88491000,0.0,0.0,231.41857038225447,233.73892320399534,66.2679475636736,3.193751146594618,250.0,238.25,243.9199981689453,227.1999969482422,227.8699951171875,226.77999877929688,230.2899932861328
2024-09-25 00:00:00-04:00,252.5399932861328,257.04998779296875,252.27999877929688,257.0199890136719,65034300,0.0,0.0,233.3364268711635,236.84306531195222,67.34308679987018,3.456148143111884,254.2700042724609,250.0,238.25,243.9199981689453,227.1999969482422,227.8699951171875,226.77999877929688
2024-09-26 00:00:00-04:00,260.6000061035156,261.75,251.52999877929688,254.22000122070312,67142200,0.0,0.0,236.44285583496094,239.15999009978566,65.06900214051097,3.208891902563967,257.0199890136719,254.2700042724609,250.0,238.25,243.9199981689453,227.1999969482422,227.8699951171875
2024-09-27 00:00:00-04:00,257.3800048828125,260.70001220703125,254.1199951171875,260.4599914550781,70988100,0.0,0.0,239.59928349086218,241.99999028049132,67.68774765557238,3.2247530322786275,254.22000122070312,257.0199890136719,254.2700042724609,250.0,238.25,243.9199981689453,227.1999969482422
2024-09-30 00:00:00-04:00,259.0400085449219,264.8599853515625,255.7700042724609,261.6300048828125,80705700,0.0,0.0,242.13214111328125,244.61732556080082,68.16960223362689,3.0737956257439123,260.4599914550781,254.22000122070312,257.0199890136719,254.2700042724609,250.0,238.25,243.9199981689453
2024-10-01 00:00:00-04:00,262.6700134277344,263.9800109863281,248.52999877929688,258.0199890136719,87397600,0.0,0.0,244.2671399797712,246.40434735451697,64.95121013654368,2.5141369244934353,261.6300048828125,260.4599914550781,254.22000122070312,257.0199890136719,254.2700042724609,250.0,238.25
2024-10-02 00:00:00-04:00,247.5500030517578,251.16000366210935,241.5,249.0200042724609,93983900,0.0,0.0,245.63928331647597,246.75310161024285,57.64447705925067,1.3779449554126764,258.0199890136719,261.6300048828125,260.4599914550781,254.22000122070312,257.0199890136719,254.2700042724609,250.0
2024-10-03 00:00:00-04:00,244.47999572753903,249.7899932861328,237.80999755859372,240.66000366210935,80729200,0.0,0.0,246.37999834333144,245.94068855049173,51.813659155470745,-0.02234415932235656,249.0200042724609,258.0199890136719,261.6300048828125,260.4599914550781,254.22000122070312,257.0199890136719,254.2700042724609
2024-10-04 00:00:00-04:00,246.69000244140625,250.9600067138672,244.5800018310547,250.0800018310547,86573200,0.0,0.0,248.04428427559986,246.49259698790013,57.081638906058025,-0.3800298676445877,240.66000366210935,249.0200042724609,258.0199890136719,261.6300048828125,260.4599914550781,254.22000122070312,257.0199890136719
2024-10-07 00:00:00-04:00,249.0,249.8300018310547,240.6999969482422,240.8300018310547,68113300,0.0,0.0,248.96999904087608,245.73758430032075,51.16629844139147,-1.2560909852155824,250.0800018310547,240.66000366210935,249.0200042724609,258.0199890136719,261.6300048828125,260.4599914550781,254.22000122070312
2024-10-08 00:00:00-04:00,243.55999755859372,246.2100067138672,240.55999755859372,244.5,56303200,0.0,0.0,250.20571354457306,245.572573060278,53.236894828352554,-1.5837482101908016,240.8300018310547,250.0800018310547,240.66000366210935,249.0200042724609,258.0199890136719,261.6300048828125,260.4599914550781
2024-10-09 00:00:00-04:00,243.82000732421875,247.42999267578125,239.50999450683597,241.0500030517578,66289500,0.0,0.0,250.0007138933454,244.96956372580863,51.04574100740698,-2.0012719387164886,244.5,240.8300018310547,250.0800018310547,240.66000366210935,249.0200042724609,258.0199890136719,261.6300048828125
2024-10-10 00:00:00-04:00,241.80999755859372,242.7899932861328,232.33999633789065,238.7700042724609,83087100,0.0,0.0,250.03785705566403,244.1429557986956,49.593023002401054,-2.3740071135125422,241.0500030517578,244.5,240.8300018310547,250.0800018310547,240.66000366210935,249.0200042724609,258.0199890136719
2024-10-11 00:00:00-04:00,220.1300048828125,223.33999633789065,214.3800048828125,217.8000030517578,142628900,0.0,0.0,247.73785727364674,240.6305620991039,38.68760775001077,-3.8864717468838608,238.7700042724609,241.0500030517578,244.5,240.8300018310547,250.0800018310547,240.66000366210935,249.0200042724609
2024-10-14 00:00:00-04:00,220.1300048828125,221.91000366210935,213.7400054931641,219.16000366210935,86291900,0.0,0.0,245.23000008719308,237.7678209741713,39.61502642447732,-4.600104224185081,217.8000030517578,238.7700042724609,241.0500030517578,244.5,240.8300018310547,250.0800018310547,240.66000366210935
2024-10-15 00:00:00-04:00,220.00999450683597,224.25999450683597,217.1199951171875,219.57000732421875,62988800,0.0,0.0,242.55500139508928,235.34144582084429,39.910121672230524,-4.825776406168638,219.16000366210935,217.8000030517578,238.7700042724609,241.0500030517578,244.5,240.8300018310547,250.0800018310547
2024-10-16 00:00:00-04:00,221.3999938964844,222.82000732421875,218.92999267578125,221.3300018310547,49632800,0.0,0.0,240.2057157244001,233.47325328887234,41.23764089302249,-4.636622237254251,219.57000732421875,219.16000366210935,217.8000030517578,238.7700042724609,241.0500030517578,244.5,240.8300018310547
2024-10-17 00:00:00-04:00,221.58999633789065,222.0800018310547,217.8999938964844,220.88999938964844,50791800,0.0,0.0,237.37928771972656,231.79548610230916,40.99381139245038,-4.327209587887734,221.3300018310547,219.57000732421875,219.16000366210935,217.8000030517578,238.7700042724609,241.0500030517578,244.5
2024-10-18 00:00:00-04:00,220.7100067138672,222.27999877929688,219.22999572753903,220.6999969482422,49611900,0.0,0.0,234.4557157244001,230.31608754843356,40.88140086530371,-3.9328241732179414,220.88999938964844,221.3300018310547,219.57000732421875,219.16000366210935,217.8000030517578,238.7700042724609,241.0500030517578
2024-10-21 00:00:00-04:00,218.8999938964844,220.47999572753903,215.72999572753903,218.8500061035156,47329000,0.0,0.0,231.6578598022461,228.78727668911117,39.73878985521817,-3.602826690625105,220.6999969482422,220.88999938964844,221.3300018310547,219.57000732421875,219.16000366210935,217.8000030517578,238.7700042724609
2024-10-22 00:00:00-04:00,217.30999755859372,218.22000122070312,215.25999450683597,217.97000122070312,43268700,0.0,0.0,229.44000244140625,227.34497329332345,39.177853664071414,-3.2603715209589588,218.8500061035156,220.6999969482422,220.88999938964844,221.3300018310547,219.57000732421875,219.16000366210935,217.8000030517578
2024-10-23 00:00:00-04:00,217.1300048828125,218.72000122070312,212.1100006103516,213.6499938964844,80938900,0.0,0.0,227.5107160295759,225.51897604041156,36.45724104625733,-3.140162053390989,217.97000122070312,218.8500061035156,220.6999969482422,220.88999938964844,221.3300018310547,219.57000732421875,219.16000366210935
2024-10-24 00:00:00-04:00,244.67999267578125,262.1199951171875,242.6499938964844,260.4800109863281,204491900,0.0,0.0,228.25357382638114,230.18044736653377,64.90672830060045,0.10587866162106163,213.6499938964844,217.97000122070312,218.8500061035156,220.6999969482422,220.88999938964844,221.3300018310547,219.57000732421875
2024-10-25 00:00:00-04:00,256.010009765625,269.489990234375,255.32000732421875,269.19000244140625,161611900,0.0,0.0,230.27928815569197,235.38172137651677,67.79482747336783,2.7079947274405862,260.4800109863281,213.6499938964844,217.97000122070312,218.8500061035156,220.6999969482422,220.88999938964844,221.3300018310547
2024-10-28 00:00:00-04:00,270.0,273.5400085449219,262.239990234375,262.510009765625,107653600,0.0,0.0,231.56571742466517,238.99882649506455,63.4799565845833,3.781779172899332,269.19000244140625,260.4800109863281,213.6499938964844,217.97000122070312,218.8500061035156,220.6999969482422,220.88999938964844
2024-10-29 00:00:00-04:00,264.510009765625,264.9800109863281,255.50999450683597,259.5199890136719,80521800,0.0,0.0,232.88500213623047,241.7349814975455,61.5903693203524,4.0682113604652255,262.510009765625,269.19000244140625,260.4800109863281,213.6499938964844,217.97000122070312,218.8500061035156,220.6999969482422
2024-10-30 00:00:00-04:00,258.0400085449219,263.3500061035156,255.82000732421875,257.54998779296875,53993600,0.0,0.0,234.22642953055245,243.84364900360194,60.31644667727438,3.9019541446806882,259.5199890136719,262.510009765625,269.19000244140625,260.4800109863281,213.6499938964844,217.97000122070312,218.8500061035156
2024-10-31 00:00:00-04:00,257.989990234375,259.75,249.25,249.8500061035156,66575300,0.0,0.0,236.51571546282088,244.64449661692376,55.48564950558027,3.0861081488892874,257.54998779296875,259.5199890136719,262.510009765625,269.19000244140625,260.4800109863281,213.6499938964844,217.97000122070312
2024-11-01 00:00:00-04:00,252.0399932861328,254.0,246.6300048828125,248.97999572753903,57544800,0.0,0.0,238.64571489606584,245.22256316500582,54.9501349971815,2.334719434077402,249.8500061035156,257.54998779296875,259.5199890136719,262.510009765625,269.19000244140625,260.4800109863281,213.6499938964844
2024-11-04 00:00:00-05:00,244.55999755859372,248.8999938964844,238.8800048828125,242.83999633789065,68802400,0.0,0.0,240.307856968471,244.90488758805716,51.19482970626865,1.3214806472271352,248.97999572753903,249.8500061035156,257.54998779296875,259.5199890136719,262.510009765625,269.19000244140625,260.4800109863281
2024-11-05 00:00:00-05:00,247.33999633789065,255.27999877929688,246.2100067138672,251.44000244140625,69282500,0.0,0.0,242.45857129778182,245.77623623517036,55.75571149272964,1.1348957531366763,242.83999633789065,248.97999572753903,249.8500061035156,257.54998779296875,259.5199890136719,262.510009765625,269.19000244140625
2024-11-06 00:00:00-05:00,284.6700134277344,289.5899963378906,275.6199951171875,288.5299987792969,165228700,0.0,0.0,247.28999982561385,251.47673790772058,69.14701570054953,3.2918005545046762,251.44000244140625,242.83999633789065,248.97999572753903,249.8500061035156,257.54998779296875,259.5199890136719,262.510009765625
2024-11-07 00:00:00-05:00,288.8900146484375,299.75,285.5199890136719,296.9100036621094,117309200,0.0,0.0,252.7335717337472,257.5345066749724,71.26330321850446,4.964783520027437,288.5299987792969,251.44000244140625,242.83999633789065,248.97999572753903,249.8500061035156,257.54998779296875,259.5199890136719
2024-11-08 00:00:00-05:00,299.1400146484375,328.7099914550781,297.6600036621094,321.2200012207031,204782800,0.0,0.0,260.04571424211775,266.02590594773653,76.33457732125532,7.252052293726602,296.9100036621094,288.5299987792969,251.44000244140625,242.83999633789065,248.97999572753903,249.8500061035156,257.54998779296875
2024-11-11 00:00:00-05:00,346.29998779296875,358.6400146484375,336.0,350.0,210521600,0.0,0.0,269.4764284406389,277.2224518213717,80.68119169466117,10.073177243697916,321.2200012207031,296.9100036621094,288.5299987792969,251.44000244140625,242.83999633789065,248.97999572753903,249.8500061035156
2024-11-12 00:00:00-05:00,342.739990234375,345.8399963378906,323.3099975585937,328.489990234375,155726000,0.0,0.0,277.67928532191684,284.0581236097721,70.29000932704093,9.848675203638336,350.0,321.2200012207031,296.9100036621094,288.5299987792969,251.44000244140625,242.83999633789065,248.97999572753903
2024-11-13 00:00:00-05:00,335.8500061035156,344.6000061035156,322.5,330.239990234375,125405600,0.0,0.0,282.6621409824916,290.21570582638583,70.62152497749575,9.188954298386182,328.489990234375,350.0,321.2200012207031,296.9100036621094,288.5299987792969,251.44000244140625,242.83999633789065
2024-11-14 00:00:00-05:00,327.69000244140625,329.9800109863281,310.3699951171875,311.17999267578125,120726100,0.0,0.0,285.6614259992327,293.0109440729719,62.44833058073663,6.942041386191242,330.239990234375,328.489990234375,350.0,321.2200012207031,296.9100036621094,288.5299987792969,251.44000244140625
2024-11-15 00:00:00-05:00,310.57000732421875,324.67999267578125,309.2200012207031,320.7200012207031,114440300,0.0,0.0,289.8192825317383,296.70548502600275,64.65335566149264,5.627457418915803,311.17999267578125,330.239990234375,328.489990234375,350.0,321.2200012207031,296.9100036621094,288.5299987792969
2024-11-18 00:00:00-05:00,340.7300109863281,348.54998779296875,330.010009765625,338.739990234375,126547500,0.0,0.0,295.4778540475028,302.3100857204524,68.42490188634528,5.494498264874068,320.7200012207031,311.17999267578125,330.239990234375,328.489990234375,350.0,321.2200012207031,296.9100036621094
2024-11-19 00:00:00-05:00,335.760009765625,347.3800048828125,332.75,346.0,88852500,0.0,0.0,301.79571206229076,308.1354076243921,69.82200663869492,5.409928779144707,338.739990234375,320.7200012207031,311.17999267578125,330.239990234375,328.489990234375,350.0,321.2200012207031
2024-11-20 00:00:00-05:00,345.0,346.6000061035156,334.29998779296875,342.0299987792969,66340700,0.0,0.0,308.37999725341797,312.6546864450461,68.04886564674118,4.631118884438365,346.0,338.739990234375,320.7200012207031,311.17999267578125,330.239990234375,328.489990234375,350.0
2024-11-21 00:00:00-05:00,343.8099975585937,347.989990234375,335.2799987792969,339.6400146484375,58011700,0.0,0.0,314.855712890625,316.25273020549827,66.94664430108489,3.5482767954089027,342.0299987792969,346.0,338.739990234375,320.7200012207031,311.17999267578125,330.239990234375,328.489990234375
2024-11-22 00:00:00-05:00,341.0899963378906,361.5299987792969,337.70001220703125,352.5599975585937,89140700,0.0,0.0,322.69285583496094,321.09369918591096,69.79490500689437,3.3005966778025417,339.6400146484375,342.0299987792969,346.0,338.739990234375,320.7200012207031,311.17999267578125,330.239990234375
2024-11-25 00:00:00-05:00,360.1400146484375,361.9299926757813,338.20001220703125,338.5899963378906,95890900,0.0,0.0,328.9178553989955,323.4265388061749,63.430184409681736,1.8657850103487235,352.5599975585937,339.6400146484375,342.0299987792969,346.0,338.739990234375,320.7200012207031,311.17999267578125
2024-11-26 00:00:00-05:00,341.0,346.9599914550781,335.6600036621094,338.2300109863281,62295900,0.0,0.0,332.46785627092635,325.400335096862,63.27007125488538,0.6264244003740842,338.5899963378906,352.5599975585937,339.6400146484375,342.0299987792969,346.0,338.739990234375,320.7200012207031
2024-11-27 00:00:00-05:00,341.79998779296875,342.54998779296875,326.5899963378906,332.8900146484375,57896400,0.0,0.0,335.03785705566406,326.3989590370721,60.817615163392354,-0.744702357022625,338.2300109863281,338.5899963378906,352.5599975585937,339.6400146484375,342.0299987792969,346.0,338.739990234375
2024-11-29 00:00:00-05:00,336.0799865722656,345.45001220703125,334.6499938964844,345.1600036621094,37167600,0.0,0.0,336.7478572300502,328.90043165374374,64.24690691340086,-1.0010154002771827,332.8900146484375,338.2300109863281,338.5899963378906,352.5599975585937,339.6400146484375,342.0299987792969,346.0
2024-12-02 00:00:00-05:00,352.3800048828125,360.0,351.1499938964844,357.0899963378906,77986500,0.0,0.0,337.25428553989957,332.6590402782967,67.24833307756253,-0.5645647071823419,345.1600036621094,332.8900146484375,338.2300109863281,338.5899963378906,352.5599975585937,339.6400146484375,342.0299987792969
2024-12-03 00:00:00-05:00,351.79998779296875,355.69000244140625,348.20001220703125,351.4200134277344,58267200,0.0,0.0,338.8921443394252,335.16050336488837,64.47787846304354,-0.8386851597152614,357.0899963378906,345.1600036621094,332.8900146484375,338.2300109863281,338.5899963378906,352.5599975585937,339.6400146484375
2024-12-04 00:00:00-05:00,353.0,358.1000061035156,348.6000061035156,357.92999267578125,50810900,0.0,0.0,340.87000165666853,338.1964352730074,66.19964142609818,-0.7645997297409259,351.4200134277344,357.0899963378906,345.1600036621094,332.8900146484375,338.2300109863281,338.5899963378906,352.5599975585937
2024-12-05 00:00:00-05:00,359.8699951171875,375.4299926757813,359.5,369.489990234375,81403600,0.0,0.0,345.0350014822824,342.36890926785645,69.06686297843571,-0.15212623087748156,357.92999267578125,351.4200134277344,357.0899963378906,345.1600036621094,332.8900146484375,338.2300109863281,338.5899963378906
2024-12-06 00:00:00-05:00,377.4200134277344,389.489990234375,370.7999877929688,389.2200012207031,81455800,0.0,0.0,349.9278586251395,348.615721528236,73.23931572752848,1.2874295031497027,369.489990234375,357.92999267578125,351.4200134277344,357.0899963378906,345.1600036621094,332.8900146484375,338.2300109863281
2024-12-09 00:00:00-05:00,397.6099853515625,404.7999877929688,378.010009765625,389.7900085449219,96359200,0.0,0.0,353.5742885044643,354.1056264637941,73.35115225912165,1.9442394838896035,389.2200012207031,369.489990234375,357.92999267578125,351.4200134277344,357.0899963378906,345.1600036621094,332.8900146484375
2024-12-10 00:00:00-05:00,392.6799926757813,409.7300109863281,390.8500061035156,400.989990234375,97563600,0.0,0.0,357.5021449497768,360.35687496653827,75.51628877230091,2.749957341624725,389.7900085449219,389.2200012207031,369.489990234375,357.92999267578125,351.4200134277344,357.0899963378906,345.1600036621094
2024-12-11 00:00:00-05:00,409.7000122070313,424.8800048828125,402.3800048828125,424.7699890136719,104287600,0.0,0.0,363.41214425223217,368.94529017282275,79.35213507896408,4.403330302766779,400.989990234375,389.7900085449219,389.2200012207031,369.489990234375,357.92999267578125,351.4200134277344,357.0899963378906
2024-12-12 00:00:00-05:00,424.8399963378906,429.2999877929688,415.0,418.1000061035156,87752200,0.0,0.0,369.01642935616627,375.4992522969152,75.76655783574022,4.548041743049897,424.7699890136719,400.989990234375,389.7900085449219,389.2200012207031,369.489990234375,357.92999267578125,351.4200134277344
2024-12-13 00:00:00-05:00,420.0,436.2999877929688,415.7099914550781,436.2300109863281,89000200,0.0,0.0,374.99285888671875,383.5966867888369,78.59745312917528,5.311878733412495,418.1000061035156,424.7699890136719,400.989990234375,389.7900085449219,389.2200012207031,369.489990234375,357.92999267578125
2024-12-16 00:00:00-05:00,441.0899963378906,463.1900024414063,436.1499938964844,463.0199890136719,114083800,0.0,0.0,383.8807155064174,394.1864604188149,81.95241061407125,6.964282435585911,436.2300109863281,418.1000061035156,424.7699890136719,400.989990234375,389.7900085449219,389.2200012207031,369.489990234375
2024-12-17 00:00:00-05:00,475.8999938964844,483.989990234375,457.510009765625,479.8599853515625,131223000,0.0,0.0,393.99714224679127,405.60959707651455,83.68380054871788,8.436143210939228,463.0199890136719,436.2300109863281,418.1000061035156,424.7699890136719,400.989990234375,389.7900085449219,389.2200012207031
2024-12-18 00:00:00-05:00,466.5,488.5400085449219,427.010009765625,440.1300048828125,149340800,0.0,0.0,401.65714154924666,410.2123181173543,67.28369744272544,6.088294364627558,479.8599853515625,463.0199890136719,436.2300109863281,418.1000061035156,424.7699890136719,400.989990234375,389.7900085449219
2024-12-19 00:00:00-05:00,451.8800048828125,456.3599853515625,420.0199890136719,436.1700134277344,118566100,0.0,0.0,408.1578565325056,413.67334415873836,65.89746996186989,3.738284322932465,440.1300048828125,479.8599853515625,463.0199890136719,436.2300109863281,418.1000061035156,424.7699890136719,400.989990234375
2024-12-20 00:00:00-05:00,425.510009765625,447.0799865722656,417.6400146484375,421.05999755859375,132216200,0.0,0.0,412.7271423339844,414.6582312787191,60.75401442495816,0.7900222796689178,436.1700134277344,440.1300048828125,479.8599853515625,463.0199890136719,436.2300109863281,418.1000061035156,424.7699890136719
2024-12-23 00:00:00-05:00,431.0,434.510009765625,415.4100036621094,430.6000061035156,72698100,0.0,0.0,418.3828560965402,416.78380125535864,62.73186049281108,-0.8073534094572494,421.05999755859375,436.1700134277344,440.1300048828125,479.8599853515625,463.0199890136719,436.2300109863281,418.1000061035156
2024-12-24 00:00:00-05:00,435.8999938964844,462.7799987792969,435.1400146484375,462.2799987792969,59551800,0.0,0.0,425.836427961077,422.8499609252171,68.422887592301,-0.05952044374296861,430.6000061035156,421.05999755859375,436.1700134277344,440.1300048828125,479.8599853515625,463.0199890136719,436.2300109863281
2024-12-26 00:00:00-05:00,465.1600036621094,465.3299865722656,451.0199890136719,454.1300048828125,76366400,0.0,0.0,431.88214329310824,427.0206334528965,65.64563310833043,-0.422679801014489,462.2799987792969,430.6000061035156,421.05999755859375,436.1700134277344,440.1300048828125,479.8599853515625,463.0199890136719
2024-12-27 00:00:00-05:00,449.5199890136719,450.0,426.5,431.6600036621094,82666800,0.0,0.0,434.913572038923,427.6392161474582,58.5851804395971,-2.3760562497525655,454.1300048828125,462.2799987792969,430.6000061035156,421.05999755859375,436.1700134277344,440.1300048828125,479.8599853515625
2024-12-30 00:00:00-05:00,419.3999938964844,427.0,415.75,417.4100036621094,64941000,0.0,0.0,436.8864288330078,426.2753211494117,54.57626438417731,-4.693753955249377,431.6600036621094,454.1300048828125,462.2799987792969,430.6000061035156,421.05999755859375,436.1700134277344,440.1300048828125
2024-12-31 00:00:00-05:00,423.7900085449219,427.9299926757813,402.5400085449219,403.8399963378906,76825100,0.0,0.0,437.09000069754467,423.28394450787556,50.997462487414964,-7.0642100641766135,417.4100036621094,431.6600036621094,454.1300048828125,462.2799987792969,430.6000061035156,421.05999755859375,436.1700134277344
2025-01-02 00:00:00-05:00,390.1000061035156,392.7300109863281,373.0400085449219,379.2799987792969,109710700,0.0,0.0,433.84071568080356,417.4167517440651,45.2181100438622,-10.028725630508639,403.8399963378906,417.4100036621094,431.6600036621094,454.1300048828125,462.2799987792969,430.6000061035156,421.05999755859375
2025-01-03 00:00:00-05:00,381.4800109863281,411.8800048828125,379.4500122070313,410.4400024414063,95423300,0.0,0.0,433.29357256208147,416.4865185037106,52.563240164353,-9.63140355114384,379.2799987792969,403.8399963378906,417.4100036621094,431.6600036621094,454.1300048828125,462.2799987792969,430.6000061035156
2025-01-06 00:00:00-05:00,423.2000122070313,426.4299926757813,401.7000122070313,411.0499877929688,85516500,0.0,0.0,431.49499947684154,415.7616477422784,52.69694842222404,-9.075453926258636,410.4400024414063,379.2799987792969,403.8399963378906,417.4100036621094,431.6600036621094,454.1300048828125,462.2799987792969
2025-01-07 00:00:00-05:00,405.8299865722656,414.3299865722656,390.0,394.3599853515625,75699500,0.0,0.0,426.59071350097656,412.9080927568496,48.65584547143329,-9.532583436714937,411.0499877929688,410.4400024414063,379.2799987792969,403.8399963378906,417.4100036621094,431.6600036621094,454.1300048828125
2025-01-08 00:00:00-05:00,392.9500122070313,402.5,387.3999938964844,394.9400024414063,73038800,0.0,0.0,420.5250004359654,410.5123473814572,48.80278203652267,-9.476868851824776,394.3599853515625,411.0499877929688,410.4400024414063,379.2799987792969,403.8399963378906,417.4100036621094,431.6600036621094
2025-01-10 00:00:00-05:00,391.3999938964844,399.2799987792969,377.2900085449219,394.739990234375,62287300,0.0,0.0,417.2828565325056,408.4093664285129,48.750970968864316,-9.13081412036561,394.9400024414063,394.3599853515625,411.0499877929688,410.4400024414063,379.2799987792969,403.8399963378906,417.4100036621094
2025-01-13 00:00:00-05:00,383.2099914550781,403.7900085449219,380.0700073242188,403.30999755859375,67580500,0.0,0.0,414.9357125418527,407.72945057919037,51.14430088015851,-8.040427440237929,394.739990234375,394.9400024414063,394.3599853515625,411.0499877929688,410.4400024414063,379.2799987792969,403.8399963378906
2025-01-14 00:00:00-05:00,414.3399963378906,422.6400146484375,394.5400085449219,396.3599853515625,84565000,0.0,0.0,413.17142595563615,406.2135218821733,49.140096576842765,-7.512793414683218,403.30999755859375,394.739990234375,394.9400024414063,394.3599853515625,411.0499877929688,410.4400024414063,379.2799987792969
2025-01-15 00:00:00-05:00,409.8999938964844,429.7999877929688,405.6600036621094,428.2200012207031,81375500,0.0,0.0,413.00142560686385,409.14771912731067,57.384471385449196,-4.871652797784579,396.3599853515625,403.30999755859375,394.739990234375,394.9400024414063,394.3599853515625,411.0499877929688,410.4400024414063
2025-01-16 00:00:00-05:00,423.489990234375,424.0,409.1300048828125,413.8200073242188,68335200,0.0,0.0,409.53999764578685,409.7706908868985,53.18788720544411,-3.98536241953839,428.2200012207031,396.3599853515625,403.30999755859375,394.739990234375,394.9400024414063,394.3599853515625,411.0499877929688
2025-01-17 00:00:00-05:00,421.5,439.739990234375,419.75,426.5,94991400,0.0,0.0,407.5664258684431,412.001265435312,56.22374573743696,-2.50817405356835,413.8200073242188,428.2200012207031,396.3599853515625,403.30999755859375,394.739990234375,394.9400024414063,394.3599853515625
2025-01-21 00:00:00-05:00,432.6400146484375,433.2000122070313,406.30999755859375,424.0700073242188,87320900,0.0,0.0,407.0242832728795,413.61043102049956,55.48117204446709,-1.696626261007733,426.5,413.8200073242188,428.2200012207031,396.3599853515625,403.30999755859375,394.739990234375,394.9400024414063
2025-01-22 00:00:00-05:00,416.80999755859375,428.0,414.5899963378906,415.1099853515625,60963300,0.0,0.0,406.8599962506975,413.8103715979746,52.716430290964034,-1.757696020510954,424.0700073242188,426.5,413.8200073242188,428.2200012207031,396.3599853515625,403.30999755859375,394.739990234375
2025-01-23 00:00:00-05:00,416.05999755859375,420.7300109863281,408.9500122070313,412.3800048828125,50690600,0.0,0.0,407.4699968610491,413.61965603595297,51.868331640767835,-1.9609113394878186,415.1099853515625,424.0700073242188,426.5,413.8200073242188,428.2200012207031,396.3599853515625,403.30999755859375
2025-01-24 00:00:00-05:00,414.4500122070313,418.8800048828125,405.7799987792969,406.5799865722656,56427100,0.0,0.0,409.4199959891183,412.68103344079464,50.02688823624749,-2.434021187808626,412.3800048828125,415.1099853515625,424.0700073242188,426.5,413.8200073242188,428.2200012207031,396.3599853515625
2025-01-27 00:00:00-05:00,394.7999877929688,406.6900024414063,389.0,397.1499938964844,58125500,0.0,0.0,408.47070966448103,410.61022816822,47.09912717895368,-3.277603355438659,406.5799865722656,412.3800048828125,415.1099853515625,424.0700073242188,426.5,413.8200073242188,428.2200012207031
2025-01-28 00:00:00-05:00,396.9100036621094,400.5899963378906,386.5,398.0899963378906,48910700,0.0,0.0,407.5449959891183,408.940863924176,47.42940343655499,-3.63990924117211,397.1499938964844,406.5799865722656,412.3800048828125,415.1099853515625,424.0700073242188,426.5,413.8200073242188
2025-01-29 00:00:00-05:00,395.2099914550781,398.5899963378906,384.4800109863281,389.1000061035156,68033600,0.0,0.0,407.16928318568637,406.29541621475465,44.56382748764742,-4.3069806489278495,398.0899963378906,397.1499938964844,406.5799865722656,412.3800048828125,415.1099853515625,424.0700073242188,426.5
2025-01-30 00:00:00-05:00,410.7799987792969,412.5,384.4100036621094,400.2799987792969,98092900,0.0,0.0,407.5507114955357,405.49336055669363,48.7136810568981,-3.833086527440141,389.1000061035156,398.0899963378906,397.1499938964844,406.5799865722656,412.3800048828125,415.1099853515625,424.0700073242188
2025-01-31 00:00:00-05:00,401.5299987792969,419.989990234375,401.3399963378906,404.6000061035156,83568200,0.0,0.0,408.25499834333147,405.37424662960325,50.263020542977195,-3.0979514887297883,400.2799987792969,389.1000061035156,398.0899963378906,397.1499938964844,406.5799865722656,412.3800048828125,415.1099853515625
2025-02-03 00:00:00-05:00,386.6799926757813,389.1700134277344,374.3599853515625,383.6799926757813,93732100,0.0,0.0,406.85285513741627,402.4816794357603,43.42205241670168,-3.8413109986692215,404.6000061035156,400.2799987792969,389.1000061035156,398.0899963378906,397.1499938964844,406.5799865722656,412.3800048828125
2025-02-04 00:00:00-05:00,382.6300048828125,394.0,381.3999938964844,392.2099914550781,57072200,0.0,0.0,406.5564270019531,401.11212103833606,46.61269858793043,-3.5842080114109818,383.6799926757813,404.6000061035156,400.2799987792969,389.1000061035156,398.0899963378906,397.1499938964844,406.5799865722656
2025-02-05 00:00:00-05:00,387.510009765625,388.3900146484375,375.5299987792969,378.1700134277344,57223300,0.0,0.0,402.98142787388394,398.0531733569225,42.37665631727003,-4.145706333673219,392.2099914550781,383.6799926757813,404.6000061035156,400.2799987792969,389.1000061035156,398.0899963378906,397.1499938964844
2025-02-06 00:00:00-05:00,373.0299987792969,375.3999938964844,363.1799926757813,374.3200073242188,77918200,0.0,0.0,400.15999930245533,394.8887512192287,41.26911268830372,-4.531104322044259,378.1700134277344,392.2099914550781,383.6799926757813,404.6000061035156,400.2799987792969,389.1000061035156,398.0899963378906
2025-02-07 00:00:00-05:00,370.1900024414063,380.5499877929688,360.3399963378906,361.6199951171875,70298300,0.0,0.0,395.5257132393973,390.4529170722899,37.762983903894686,-5.340382244372632,374.3200073242188,378.1700134277344,392.2099914550781,383.6799926757813,404.6000061035156,400.2799987792969,389.1000061035156
2025-02-10 00:00:00-05:00,356.2099914550781,362.7000122070313,350.510009765625,350.7300109863281,77514900,0.0,0.0,390.2871420724051,385.15652959416167,35.015877161736725,-6.245232636780848,361.6199951171875,374.3200073242188,378.1700134277344,392.2099914550781,383.6799926757813,404.6000061035156,400.2799987792969
2025-02-11 00:00:00-05:00,345.79998779296875,349.3699951171875,325.1000061035156,328.5,118543400,0.0,0.0,384.10071454729353,377.60232564827345,30.188148789027565,-7.872012122209952,350.7300109863281,361.6199951171875,374.3200073242188,378.1700134277344,392.2099914550781,383.6799926757813,404.6000061035156
2025-02-12 00:00:00-05:00,329.94000244140625,346.3999938964844,329.1199951171875,336.510009765625,105382700,0.0,0.0,378.6814291817801,372.12335019725367,33.73342745285932,-7.918214922143875,328.5,350.7300109863281,361.6199951171875,374.3200073242188,378.1700134277344,392.2099914550781,383.6799926757813
2025-02-13 00:00:00-05:00,345.0,358.69000244140625,342.8500061035156,355.94000244140625,89441500,0.0,0.0,375.0642874581473,369.965570496474,41.49482264908168,-6.224477005687595,336.510009765625,328.5,350.7300109863281,361.6199951171875,374.3200073242188,378.1700134277344,392.2099914550781
2025-02-14 00:00:00-05:00,360.6199951171875,362.0,347.5,355.8399963378906,68277300,0.0,0.0,372.1135733468192,368.0821606086629,41.467901357078226,-4.7611385510794015,355.94000244140625,336.510009765625,328.5,350.7300109863281,361.6199951171875,374.3200073242188,378.1700134277344
2025-02-18 00:00:00-05:00,355.010009765625,359.1000061035156,350.0199890136719,354.1099853515625,51631700,0.0,0.0,368.9721439906529,366.2192039077162,40.972675459633074,-3.612092141216138,355.8399963378906,355.94000244140625,336.510009765625,328.5,350.7300109863281,361.6199951171875,374.3200073242188
2025-02-19 00:00:00-05:00,354.0,367.3399963378906,353.6700134277344,360.55999755859375,67094400,0.0,0.0,366.9335719517299,365.4646430611665,43.673524002625264,-2.190010148849126,354.1099853515625,355.8399963378906,355.94000244140625,336.510009765625,328.5,350.7300109863281,361.6199951171875
2025-02-20 00:00:00-05:00,361.510009765625,362.2999877929688,348.0,354.3999938964844,45965400,0.0,0.0,363.6564287458147,363.98935650587555,41.710620717834324,-1.4710929082153577,360.55999755859375,354.1099853515625,355.8399963378906,355.94000244140625,336.510009765625,328.5,350.7300109863281
2025-02-21 00:00:00-05:00,353.44000244140625,354.9800109863281,334.4200134277344,337.79998779296875,74058600,0.0,0.0,358.88499886649,360.497440677488,36.89786455876413,-1.8934961888633808,354.3999938964844,360.55999755859375,354.1099853515625,355.8399963378906,355.94000244140625,336.510009765625,328.5
2025-02-24 00:00:00-05:00,338.1400146484375,342.3999938964844,324.70001220703125,330.5299987792969,76052300,0.0,0.0,355.0885707310268,356.5017817577292,34.993522092442916,-2.4093784283561135,337.79998779296875,354.3999938964844,360.55999755859375,354.1099853515625,355.8399963378906,355.94000244140625,336.510009765625
2025-02-25 00:00:00-05:00,327.0199890136719,328.8900146484375,297.25,302.79998779296875,134228800,0.0,0.0,348.70214189801897,349.34154256242783,28.87243914267077,-4.257027411962753,330.5299987792969,337.79998779296875,354.3999938964844,360.55999755859375,354.1099853515625,355.8399963378906,355.94000244140625
2025-02-26 00:00:00-05:00,303.7099914550781,309.0,288.0400085449219,290.79998779296875,100118300,0.0,0.0,342.46142578125,341.5360019265,26.696203122165755,-5.82898999780125,302.79998779296875,330.5299987792969,337.79998779296875,354.3999938964844,360.55999755859375,354.1099853515625,355.8399963378906
2025-02-27 00:00:00-05:00,291.1600036621094,297.2300109863281,280.8800048828125,281.95001220703125,101748200,0.0,0.0,335.8635689871652,333.5912032972375,25.18832146886541,-6.931440167794499,290.79998779296875,302.79998779296875,330.5299987792969,337.79998779296875,354.3999938964844,360.55999755859375,354.1099853515625
2025-02-28 00:00:00-05:00,279.5,293.8800048828125,273.6000061035156,292.9800109863281,115697000,0.0,0.0,330.9607129778181,328.1763776557829,30.46024373841992,-6.397325116906533,281.95001220703125,290.79998779296875,302.79998779296875,330.5299987792969,337.79998779296875,354.3999938964844,360.55999755859375
2025-03-03 00:00:00-05:00,300.3399963378906,303.94000244140625,277.29998779296875,284.6499938964844,115551400,0.0,0.0,326.240711757115,322.37285982120983,28.809101726543588,-6.086372070912333,292.9800109863281,281.95001220703125,290.79998779296875,302.79998779296875,330.5299987792969,337.79998779296875,354.3999938964844
2025-03-04 00:00:00-05:00,270.92999267578125,284.3500061035156,261.8399963378906,272.0400085449219,126706600,0.0,0.0,322.2078552246094,315.66181298437147,26.46995418251349,-6.190858821296125,284.6499938964844,292.9800109863281,281.95001220703125,290.79998779296875,302.79998779296875,330.5299987792969,337.79998779296875
2025-03-05 00:00:00-05:00,272.9200134277344,279.54998779296875,267.7099914550781,279.1000061035156,94042900,0.0,0.0,318.10714067731584,310.78690540025735,29.901661761997858,-5.280855243336845,272.0400085449219,284.6499938964844,292.9800109863281,281.95001220703125,290.79998779296875,302.79998779296875,330.5299987792969
2025-03-06 00:00:00-05:00,272.0599975585937,272.6499938964844,260.0199890136719,263.45001220703125,98451600,0.0,0.0,311.5007128034319,304.4753196411605,26.904161662026624,-5.2199551354573686,279.1000061035156,272.0400085449219,284.6499938964844,292.9800109863281,281.95001220703125,290.79998779296875,302.79998779296875
2025-03-07 00:00:00-05:00,259.32000732421875,266.25,250.72999572753903,262.6700134277344,102369600,0.0,0.0,304.845714024135,298.9012788127037,26.76017664850488,-4.73358343404287,263.45001220703125,279.1000061035156,272.0400085449219,284.6499938964844,292.9800109863281,281.95001220703125,290.79998779296875
2025-03-10 00:00:00-04:00,252.5399932861328,253.3699951171875,220.0,222.1499938964844,189076900,0.0,0.0,295.4200003487723,288.6677741572078,20.594185966268967,-6.531357279137897,262.6700134277344,263.45001220703125,279.1000061035156,272.0400085449219,284.6499938964844,292.9800109863281,281.95001220703125
2025-03-11 00:00:00-04:00,225.30999755859372,237.05999755859372,217.0200042724609,230.5800018310547,174896400,0.0,0.0,286.13571493966236,280.92273784705407,24.492245468824393,-6.527784344815906,222.1499938964844,262.6700134277344,263.45001220703125,279.1000061035156,272.0400085449219,284.6499938964844,292.9800109863281
2025-03-12 00:00:00-04:00,247.22000122070312,251.83999633789065,241.1000061035156,248.08999633789065,142215700,0.0,0.0,278.54214368547713,276.5450389791656,31.963303195148228,-4.801007774668303,230.5800018310547,222.1499938964844,262.6700134277344,263.45001220703125,279.1000061035156,272.0400085449219,284.6499938964844
2025-03-13 00:00:00-04:00,248.1300048828125,248.2899932861328,232.6000061035156,240.67999267578125,114813500,0.0,0.0,271.6050011771066,271.76303280538104,30.5841757123234,-3.6640746283774384,248.08999633789065,230.5800018310547,222.1499938964844,262.6700134277344,263.45001220703125,279.1000061035156,272.0400085449219
2025-03-14 00:00:00-04:00,247.30999755859372,251.5800018310547,240.72999572753903,249.97999572753903,100242300,0.0,0.0,265.8514295305525,268.85862786166877,34.409290223481975,-1.8816990691148163,240.67999267578125,248.08999633789065,230.5800018310547,222.1499938964844,262.6700134277344,263.45001220703125,279.1000061035156
2025-03-17 00:00:00-04:00,245.05999755859372,245.3999938964844,232.8000030517578,238.00999450683597,111900600,0.0,0.0,261.22357286725725,264.7454767476911,31.967593674624354,-1.1413209910044415,249.97999572753903,240.67999267578125,248.08999633789065,230.5800018310547,222.1499938964844,262.6700134277344,263.45001220703125
2025-03-18 00:00:00-04:00,228.16000366210935,230.1000061035156,222.27999877929688,225.30999755859372,111477600,0.0,0.0,256.54571642194475,259.48741285581144,29.57007240731764,-1.136843910030386,238.00999450683597,249.97999572753903,240.67999267578125,248.08999633789065,230.5800018310547,222.1499938964844,262.6700134277344
2025-03-19 00:00:00-04:00,231.6100006103516,241.41000366210935,229.1999969482422,235.8600006103516,111993800,0.0,0.0,253.25357273646765,256.33709122308346,33.998408567380636,-0.1074982322810385,225.30999755859372,238.00999450683597,249.97999572753903,240.67999267578125,248.08999633789065,230.5800018310547,222.1499938964844
2025-03-20 00:00:00-04:00,233.3500061035156,238.0,230.0500030517578,236.25999450683597,99028300,0.0,0.0,249.2021429879325,253.6601449942505,34.16741751359403,0.8627503637808189,235.8600006103516,225.30999755859372,238.00999450683597,249.97999572753903,240.67999267578125,248.08999633789065,230.5800018310547
2025-03-21 00:00:00-04:00,234.9900054931641,249.5200042724609,234.5500030517578,248.7100067138672,132728700,0.0,0.0,246.63500104631697,253.00012655686606,39.37137899110694,2.5121336542199657,236.25999450683597,235.8600006103516,225.30999755859372,238.00999450683597,249.97999572753903,240.67999267578125,248.08999633789065
2025-03-24 00:00:00-04:00,258.0799865722656,278.6400146484375,256.3299865722656,278.3900146484375,169079900,0.0,0.0,247.0885729108538,256.3854449690756,49.599717068475705,5.594574430677419,248.7100067138672,236.25999450683597,235.8600006103516,225.30999755859372,238.00999450683597,249.97999572753903,240.67999267578125
2025-03-25 00:00:00-04:00,283.6000061035156,288.20001220703125,271.2799987792969,288.1400146484375,150361500,0.0,0.0,247.73428780691964,260.6193875929905,52.4383521353862,8.12900352439496,278.3900146484375,248.7100067138672,236.25999450683597,235.8600006103516,225.30999755859372,238.00999450683597,249.97999572753903
2025-03-26 00:00:00-04:00,282.6600036621094,284.8999938964844,266.510009765625,272.0599975585937,153629800,0.0,0.0,248.34928676060267,262.14480225507094,47.66980042592752,8.520151560678894,288.1400146484375,278.3900146484375,248.7100067138672,236.25999450683597,235.8600006103516,225.30999755859372,238.00999450683597
2025-03-27 00:00:00-04:00,272.4800109863281,291.8500061035156,271.82000732421875,273.1300048828125,162572100,0.0,0.0,249.09642900739397,263.60949593876984,48.008608560717285,8.622483269679172,272.0599975585937,288.1400146484375,278.3900146484375,248.7100067138672,236.25999450683597,235.8600006103516,225.30999755859372
2025-03-28 00:00:00-04:00,275.5799865722656,276.1000061035156,260.57000732421875,263.54998779296875,123809400,0.0,0.0,252.05357142857142,263.60156151932966,45.18771905680658,7.839114041532021,273.1300048828125,272.0599975585937,288.1400146484375,278.3900146484375,248.7100067138672,236.25999450683597,235.8600006103516
2025-03-31 00:00:00-04:00,249.30999755859372,260.5599975585937,243.3600006103516,259.1600036621094,134008900,0.0,0.0,254.09500013078963,263.00935380503364,43.91434865349801,6.855018986243799,263.54998779296875,273.1300048828125,272.0599975585937,288.1400146484375,278.3900146484375,248.7100067138672,236.25999450683597
2025-04-01 00:00:00-04:00,263.79998779296875,277.45001220703125,259.25,268.4599914550781,146486900,0.0,0.0,255.5499997820173,263.73610549170627,47.30224824348157,6.654738811157944,259.1600036621094,263.54998779296875,273.1300048828125,272.0599975585937,288.1400146484375,278.3900146484375,248.7100067138672
2025-04-02 00:00:00-04:00,254.6000061035156,284.989990234375,251.2700042724609,282.760009765625,212787800,0.0,0.0,258.5557152884347,266.2726260615621,52.09413300426795,7.260160406473567,268.4599914550781,259.1600036621094,263.54998779296875,273.1300048828125,272.0599975585937,288.1400146484375,278.3900146484375
2025-04-03 00:00:00-04:00,265.2900085449219,276.29998779296875,261.510009765625,267.2799987792969,136174300,0.0,0.0,259.7914297921317,266.40694242392675,47.10109745015175,6.42180378970756,282.760009765625,268.4599914550781,259.1600036621094,263.54998779296875,273.1300048828125,272.0599975585937,288.1400146484375
2025-04-04 00:00:00-04:00,255.3800048828125,261.0,236.0,239.42999267578125,181229400,0.0,0.0,259.89285823277066,262.8100157908407,39.72425771568308,3.9184022197614077,267.2799987792969,282.760009765625,268.4599914550781,259.1600036621094,263.54998779296875,273.1300048828125,272.0599975585937
2025-04-07 00:00:00-04:00,223.77999877929688,252.0,214.25,233.2899932861328,183453800,0.0,0.0,260.4628579275949,258.874012790213,38.30007198885852,1.8791662560892899,239.42999267578125,267.2799987792969,282.760009765625,268.4599914550781,259.1600036621094,263.54998779296875,273.1300048828125
2025-04-08 00:00:00-04:00,245.0,250.44000244140625,217.8000030517578,221.8600006103516,171603500,0.0,0.0,259.4628579275949,253.9388111662315,35.73187158333728,-0.10411759220503569,233.2899932861328,239.42999267578125,267.2799987792969,282.760009765625,268.4599914550781,259.1600036621094,263.54998779296875
2025-04-09 00:00:00-04:00,224.69000244140625,274.69000244140625,223.8800048828125,272.20001220703125,219433400,0.0,0.0,262.03000204903736,256.3736379716714,51.23961179603646,1.993889949724684,221.8600006103516,233.2899932861328,239.42999267578125,267.2799987792969,282.760009765625,268.4599914550781,259.1600036621094
2025-04-10 00:00:00-04:00,260.0,262.489990234375,239.3300018310547,252.3999938964844,181722600,0.0,0.0,262.29357256208147,255.8438187616465,46.488101855061814,2.0592735178541464,272.20001220703125,221.8600006103516,233.2899932861328,239.42999267578125,267.2799987792969,282.760009765625,268.4599914550781
2025-04-11 00:00:00-04:00,251.83999633789065,257.739990234375,241.3600006103516,252.30999755859372,128948100,0.0,0.0,260.43071419852123,255.37264260123948,46.467010015039676,2.1003742981875426,252.3999938964844,272.20001220703125,221.8600006103516,233.2899932861328,239.42999267578125,267.2799987792969,282.760009765625
2025-04-14 00:00:00-04:00,258.3599853515625,261.79998779296875,245.92999267578125,252.3500061035156,100135200,0.0,0.0,257.87428501674106,254.96962440154297,46.478635536277935,2.1276099567636244,252.30999755859372,252.3999938964844,272.20001220703125,221.8600006103516,233.2899932861328,239.42999267578125,267.2799987792969
2025-04-15 00:00:00-04:00,249.91000366210935,258.75,247.5399932861328,254.1100006103516,79594300,0.0,0.0,256.5921423775809,254.85500789605078,47.0236601571804,2.2496437198327435,252.3500061035156,252.30999755859372,252.3999938964844,272.20001220703125,221.8600006103516,233.2899932861328,239.42999267578125
2025-04-16 00:00:00-04:00,247.6100006103516,251.97000122070312,233.88999938964844,241.5500030517578,112378700,0.0,0.0,254.33642796107702,253.08100725014506,43.610600076087486,1.5057020541454769,254.1100006103516,252.3500061035156,252.30999755859372,252.3999938964844,272.20001220703125,221.8600006103516,233.2899932861328
2025-04-17 00:00:00-04:00,243.47000122070312,244.33999633789065,237.67999267578125,241.3699951171875,83404800,0.0,0.0,252.75214276994978,251.5195389657507,43.5618000451098,1.0446126342047393,241.5500030517578,254.1100006103516,252.3500061035156,252.30999755859372,252.3999938964844,272.20001220703125,221.8600006103516
2025-04-21 00:00:00-04:00,230.25999450683597,232.2100067138672,222.7899932861328,227.5,97768000,0.0,0.0,250.49071393694197,248.3169337703173,39.86061052194739,-0.09106329173836158,241.3699951171875,241.5500030517578,254.1100006103516,252.3500061035156,252.30999755859372,252.3999938964844,272.20001220703125
2025-04-22 00:00:00-04:00,230.9600067138672,242.7899932861328,229.8500061035156,237.97000122070312,120858500,0.0,0.0,248.31285749162947,246.93734276370208,43.746079195934634,-0.03649370680116881,227.5,241.3699951171875,241.5500030517578,254.1100006103516,252.3500061035156,252.30999755859372,252.3999938964844
2025-04-23 00:00:00-04:00,254.8600006103516,259.45001220703125,244.42999267578125,250.7400054931641,150381900,0.0,0.0,246.02571432931083,247.44436446096367,48.14647438103181,0.9081020757303797,237.97000122070312,227.5,241.3699951171875,241.5500030517578,254.1100006103516,252.3500061035156,252.30999755859372
2025-04-24 00:00:00-04:00,250.5,259.5400085449219,249.1999969482422,259.510009765625,94464200,0.0,0.0,245.47071511404855,249.05311716825184,50.982335412494386,2.1036913608590897,250.7400054931641,237.97000122070312,227.5,241.3699951171875,241.5500030517578,254.1100006103516,252.3500061035156
2025-04-25 00:00:00-04:00,261.69000244140625,286.8500061035156,259.6300048828125,284.95001220703125,167560700,0.0,0.0,248.7221450805664,253.8393698400891,58.13488630611124,4.452969345761872,259.510009765625,250.7400054931641,237.97000122070312,227.5,241.3699951171875,241.5500030517578,254.1100006103516
2025-04-28 00:00:00-04:00,288.9800109863281,294.8599853515625,272.4200134277344,285.8800048828125,151731800,0.0,0.0,252.47857448032923,258.1114545124522,58.374008559408594,5.8278832417799435,284.95001220703125,259.510009765625,250.7400054931641,237.97000122070312,227.5,241.3699951171875,241.5500030517578
2025-04-29 00:00:00-04:00,285.5,293.32000732421875,279.4700012207031,292.0299987792969,108906600,0.0,0.0,257.49071720668246,262.63392708136485,60.0010411291359,6.839854703350602,285.8800048828125,284.95001220703125,259.510009765625,250.7400054931641,237.97000122070312,227.5,241.3699951171875
2025-04-30 00:00:00-04:00,279.8999938964844,284.45001220703125,270.7799987792969,282.1600036621094,128961100,0.0,0.0,258.2021451677595,265.2374039587975,56.204159563663,6.533343976487441,292.0299987792969,285.8800048828125,284.95001220703125,259.510009765625,250.7400054931641,237.97000122070312,227.5
2025-05-01 00:00:00-04:00,280.010009765625,290.8699951171875,279.8099975585937,280.5199890136719,99659000,0.0,0.0,260.2107162475586,267.27508196611404,55.57485328916471,5.92682927024442,282.1600036621094,292.0299987792969,285.8800048828125,284.95001220703125,259.510009765625,250.7400054931641,237.97000122070312
2025-05-02 00:00:00-04:00,284.8999938964844,294.7799987792969,279.8099975585937,287.2099914550781,114454700,0.0,0.0,262.70357295445035,269.93306989797594,57.657581028978896,5.68216617234212,280.5199890136719,282.1600036621094,292.0299987792969,285.8800048828125,284.95001220703125,259.510009765625,250.7400054931641
2025-05-05 00:00:00-04:00,284.57000732421875,284.8500061035156,274.3999938964844,280.260009765625,94618900,0.0,0.0,264.697144644601,271.3099952136625,54.78415095064073,4.793707568363594,287.2099914550781,280.5199890136719,282.1600036621094,292.0299987792969,285.8800048828125,284.95001220703125,259.510009765625
2025-05-06 00:00:00-04:00,273.1099853515625,277.7300109863281,271.3500061035156,275.3500061035156,76715800,0.0,0.0,266.2142878941127,271.84866333230957,52.78281674966992,3.6675656844256705,280.260009765625,287.2099914550781,280.5199890136719,282.1600036621094,292.0299987792969,285.8800048828125,284.95001220703125
2025-05-07 00:00:00-04:00,276.8800048828125,277.9200134277344,271.0,276.2200012207031,71592600,0.0,0.0,268.6907163347517,272.43150838409537,53.1096810956211,2.811989638613354,275.3500061035156,280.260009765625,287.2099914550781,280.5199890136719,282.1600036621094,292.0299987792969,285.8800048828125
2025-05-08 00:00:00-04:00,279.6300048828125,289.79998779296875,279.4100036621094,284.82000732421875,97539400,0.0,0.0,271.7942886352539,274.0833082427785,56.32805595929321,2.657751877739621,276.2200012207031,275.3500061035156,280.260009765625,287.2099914550781,280.5199890136719,282.1600036621094,292.0299987792969
2025-05-09 00:00:00-04:00,290.2099914550781,307.0400085449219,290.0,298.260009765625,132387800,0.0,0.0,276.84857504708424,277.3068684458247,60.85042280784534,3.2540044700086757,284.82000732421875,276.2200012207031,275.3500061035156,280.260009765625,287.2099914550781,280.5199890136719,282.1600036621094
2025-05-12 00:00:00-04:00,321.989990234375,322.2099914550781,311.5,318.3800048828125,112826700,0.0,0.0,282.59214673723494,282.7832866374231,66.45125708350272,4.708278322548853,298.260009765625,284.82000732421875,276.2200012207031,275.3500061035156,280.260009765625,287.2099914550781,280.5199890136719
2025-05-13 00:00:00-04:00,320.0,337.5899963378906,316.79998779296875,334.07000732421875,136992600,0.0,0.0,288.5442897251674,289.6215160623292,70.04964103936383,6.330664937987526,318.3800048828125,298.260009765625,284.82000732421875,276.2200012207031,275.3500061035156,280.260009765625,287.2099914550781
2025-05-14 00:00:00-04:00,342.5,350.0,337.0,347.67999267578125,136997300,0.0,0.0,294.84214564732144,297.3626462774561,72.77725266236975,7.826202491747237,334.07000732421875,318.3800048828125,298.260009765625,284.82000732421875,276.2200012207031,275.3500061035156,280.260009765625
2025-05-15 00:00:00-04:00,340.3399963378906,346.1400146484375,334.7200012207031,342.82000732421875,97882600,0.0,0.0,298.9757167271205,303.4236277503578,70.31468308378184,7.9672870816838195,347.67999267578125,334.07000732421875,318.3800048828125,298.260009765625,284.82000732421875,276.2200012207031,275.3500061035156
2025-05-16 00:00:00-04:00,346.239990234375,351.6199951171875,342.3299865722656,349.9800109863281,93811800,0.0,0.0,303.5542885916574,309.63114551515383,71.82715237972107,8.00095946576557,342.82000732421875,347.67999267578125,334.07000732421875,318.3800048828125,298.260009765625,284.82000732421875,276.2200012207031
